Difference of "entities_client" between "1.20.0.21" (beta of "1.20.0") and "1.20.0.22" (beta of "1.20.0").

Changed entity "decorated_pot.entity.json":
	Changed resource pack "core":
		Changed field "minecraft:client_entity":
			Changed field "description":
				Unchanged field "identifier": "minecraft:decorated_pot".
				Changed field "textures":
					Moved texture from "angler_pottery_shard" to "angler_pottery_sherd".
					Moved texture from "archer_pottery_shard" to "archer_pottery_sherd".
					Moved texture from "arms_up_pottery_shard" to "arms_up_pottery_sherd".
					Moved texture from "blade_pottery_shard" to "blade_pottery_sherd".
					Moved texture from "brewer_pottery_shard" to "brewer_pottery_sherd".
					Moved texture from "burn_pottery_shard" to "burn_pottery_sherd".
					Moved texture from "danger_pottery_shard" to "danger_pottery_sherd".
					Moved texture from "explorer_pottery_shard" to "explorer_pottery_sherd".
					Moved texture from "friend_pottery_shard" to "friend_pottery_sherd".
					Moved texture from "heart_pottery_shard" to "heart_pottery_sherd".
					Moved texture from "heartbreak_pottery_shard" to "heartbreak_pottery_sherd".
					Moved texture from "howl_pottery_shard" to "howl_pottery_sherd".
					Moved texture from "miner_pottery_shard" to "miner_pottery_sherd".
					Moved texture from "mourner_pottery_shard" to "mourner_pottery_sherd".
					Moved texture from "plenty_pottery_shard" to "plenty_pottery_sherd".
					Moved texture from "prize_pottery_shard" to "prize_pottery_sherd".
					Moved texture from "sheaf_pottery_shard" to "sheaf_pottery_sherd".
					Moved texture from "shelter_pottery_shard" to "shelter_pottery_sherd".
					Moved texture from "skull_pottery_shard" to "skull_pottery_sherd".
					Moved texture from "snort_pottery_shard" to "snort_pottery_sherd".