Difference of "credits" between "1.18-pre1" (pre-release of "1.18") and "1.18-pre2" (pre-release of "1.18").

Changed resource pack "minecraft":
	Changed section:
		Unchanged field "section": "Minecraft".
		Changed field "titles":
			Total title: 2 (+1, -1)
			Removed title:
				field "title": "Chief Executive Officer"
				field "names": name "Jonas Mårtensson"
			Added title:
				field "title": "Head of Stockholm Studio"
				field "names": name "Ulrika Höjgård"
	Changed section:
		Unchanged field "section": "Design".
		Changed field "titles":
			Total title: 10 (+3, -0)
			Changed title:
				Changed field "title" from "Game Director" to "Game Directors".
				Changed field "names":
					Total name: 2 (+1, -0)
					Added name "Måns Olson".
			Changed title:
				Unchanged field "title": "Creative Director".
				Changed field "names":
					Total name: 3 (+1, -0)
					Added name "Magnus Nedfors".
			Changed title:
				Unchanged field "title": "Game Designers".
				Changed field "names":
					Total name: 12 (+2, -3)
					Removed name "Brandon Franklin (Insight Global, Inc)".
					Removed name "Jared Greiner".
					Changed name from "Lauren E Careccia" to "Laura de Llorens Garcia".
					Removed name "Pradnesh Patil".
					Added name "Christian Berg".
					Added name "Matthew Gatland".
			Changed title:
				Changed field "title" from "Narrative Designers" to "Narrative Designer".
				Changed field "names":
					Total name: 1 (+1, -1)
					Removed name "Max Herngren".
					Added name "Kelsey Howard".
			Added title:
				field "title": "Principal Design Manager"
				field "names": name "Michael Harnisch"
			Added title:
				field "title": "Narrative Director"
				field "names": name "Kevin Grace"
			Added title:
				field "title": "Design Manager"
				field "names": name "Rabi Afram"
	Changed section:
		Unchanged field "section": "Programming".
		Changed field "titles":
			Total title: 20 (+2, -0)
			Changed title:
				Unchanged field "title": "Chief Technology Officer".
				Changed field "names":
					Total name: 2 (+1, -0)
					Added name "Mike Carlson".
			Changed title:
				Changed field "title" from "Head of Stockholm Engineering" to "Head of Game Engineering".
				Changed field "names":
					Total name: 1 (+1, -1)
					Removed name "Mike Carlson".
					Added name "Åsa Bredin".
			Changed title:
				Unchanged field "title": "Technical Director".
				Changed field "names":
					Total name: 7 (+3, -2)
					Removed name "Jason Cahill".
					Removed name "Jason Major".
					Added name "Daniel Johansson".
					Added name "Jeff McKune".
					Added name "Jifeng Zhang".
			Changed title:
				Unchanged field "title": "Lead Game Developers".
				Changed field "names":
					Total name: 11 (+4, -0)
					Added name "Geoff Ebersol".
					Added name "Henning Erlandsen".
					Added name "Jakob Ryden".
					Added name "Torbjörn Allard".
			Changed title:
				Unchanged field "title": "Game Developers".
				Changed field "names":
					Total name: 53 (+25, -2)
					Changed name from "Alex Green (Red Lens Games Inc)" to "Alex Green (Red Lens Games, Inc)".
					Removed name "Craig Steyn".
					Removed name "Henning Erlandsen".
					Changed name from "Matthew Gatland" to "Mårten Helander".
					Changed name from "William Harmon (Insight Global Inc)" to "William Harmon (Insight Global, Inc)".
					Added name "Alex Couch (Insight Global, Inc)".
					Added name "Adrian Toncean".
					Added name "Aron Nieminen".
					Added name "Benny Hellström".
					Added name "Daniel Brynolf".
					Added name "Daniel Lobo".
					Added name "Fredrik Bergstrand".
					Added name "Harald Johansson".
					Added name "Jacek Wołkowicz".
					Added name "Jimmy Almkvist".
					Added name "Johannes Sundqvist".
					Added name "John-Philip Johansson".
					Added name "Jon Maiga".
					Added name "José Carlos Bellido".
					Added name "Joshua Owens (Collabera)".
					Added name "Juliana Montes".
					Added name "Márcio de Oliveira da Silva".
					Added name "Marco Ballabio".
					Added name "Oscar Åkesson".
					Added name "Pavel Grebnev".
					Added name "Petr Mrázek".
					Added name "Pontus Hammarberg".
					Added name "Stefan Annell".
					Added name "Timur Nazarov".
					Added name "Virgilio Jr Blones".
			Changed title:
				Unchanged field "title": "Lead UI Developers".
				Changed field "names":
					Total name: 3 (+1, -0)
					Added name "Eric Grimsborn".
			Changed title:
				Unchanged field "title": "UI Developers".
				Changed field "names":
					Total name: 9 (+4, -4)
					Removed name "Albin Odervall".
					Removed name "Anna Päärni".
					Removed name "Emil Hedemalm".
					Removed name "Eric Grimsborn".
					Added name "Rasmus Källqvist".
					Added name "Vitalii Sych".
					Added name "Tim Lindeberg".
					Added name "Wenfei Zhu".
			Changed title:
				Unchanged field "title": "Launcher Developers".
				Changed field "names":
					Total name: 3 (+3, -9)
					Removed name "Linus Cumselius".
					Removed name "Lucas Morales".
					Removed name "Marc Neander".
					Removed name "Márcio Oliveira".
					Removed name "Martin Hesselborn".
					Removed name "Michael Malmqvist".
					Removed name "Petr Mrázek".
					Removed name "Piotr Kundu".
					Removed name "Rasmus Källqvist".
					Added name "Matthew Phair".
					Added name "Patrick Tobin".
					Added name "Andrew Hewitson".
			Changed title:
				Unchanged field "title": "Lead Architects".
				Changed field "names":
					Total name: 2 (+0, -1)
					Removed name "Henry Golding".
			Changed title:
				Unchanged field "title": "Architects".
				Changed field "names":
					Total name: 2 (+0, -2)
					Removed name "Mike Frost".
					Removed name "Michael Seydl".
			Changed title:
				Unchanged field "title": "Lead Bedrock Software Developers".
				Changed field "names":
					Total name: 21 (+3, -1)
					Removed name "Jeff McKune".
					Added name "Craig Steyn".
					Added name "Henry Golding".
					Added name "Nathan Miller".
			Changed title:
				Unchanged field "title": "Bedrock Software Developers".
				Changed field "names":
					Total name: 69 (+4, -3)
					Changed name from "Alex Wouters (Insight Global, Inc)" to "Kirby Duncan (Insight Global, Inc)".
					Changed name from "Amy Bernhoft (C2S Technologies, Inc)" to "Amy Bernhoft".
					Removed name "Coseo Frerichs (Insight Global, Inc)".
					Changed name from "Li Yang (Insight Global Inc)" to "Li Yang (Insight Global, Inc)".
					Removed name "Robert Di Battista (Insight Global, Inc)".
					Changed name from "Steve Trigger (Insight Global, Inc)" to "Evelyn Collier (Insight Global, Inc)".
					Changed name from "Tanner Pearson (Insight Global, Inc)" to "Anthony Young (Insight Global, Inc)".
					Removed name "Zack Moxley (Insight Global, Inc)".
					Added name "Alec Chan".
					Added name "David Westen".
					Added name "Larry Ukaoma".
					Added name "Ryan Seaman (Collabera)".
			Changed title:
				Unchanged field "title": "Lead System Engineers".
				Changed field "names":
					Total name: 4 (+2, -1)
					Changed name from "Jifeng Zhang" to "Zhengwu Zhang".
					Removed name "Torbjörn Allard".
					Added name "Pär Axelsson".
					Added name "Syrgak Turgumbaev".
			Changed title:
				Unchanged field "title": "Service Software Engineers".
				Changed field "names":
					Total name: 30 (+9, -2)
					Changed name from "Mangal Srinivasamurthy (Design Laboratory, Inc)" to "Mangal Srinivasamurthy".
					Changed name from "Norman Skinner (Insight Global, Inc)" to "Austin Shaythong (Insight Global, Inc)".
					Removed name "Pär Axelsson".
					Removed name "Wenlan Yang".
					Added name "Anders Gärdenäs".
					Added name "Astrid Rehn".
					Added name "Eric Sjögren".
					Added name "Hampus Fristedt".
					Added name "Henrik Barratt-Due".
					Added name "John Littlewood".
					Added name "Martin Pola".
					Added name "Simon Fagerholm".
					Added name "Theodor Fleming".
			Added title:
				field "title": "Head of Creator Platform Engineering"
				field "names": name "Jason Cahill"
			Added title:
				field "title": "Engineering Managers"
				field "names":
					name "Erik Rahm"
					name "Erika Renlund"
					name "Giulio 'Mac' Maistrelli"
					name "Lie Fujita"
					name "Martin Almgren"
	Changed section:
		Unchanged field "section": "Audio".
		Changed field "titles":
			Changed title:
				Changed field "title" from "Lead Sound Designer" to "Audio Director".
			Changed title:
				Unchanged field "title": "Sound Designers".
				Changed field "names":
					Total name: 5 (+2, -0)
					Added name "Johan Pettersson".
					Added name "Peter Hont".
			Changed title:
				Unchanged field "title": "Music composed by".
				Changed field "names":
					Total name: 3 (+1, -0)
					Added name "Kumi Tanioka".
	Changed section:
		Unchanged field "section": "Visual Arts".
		Changed field "titles":
			Total title: 9 (+2, -3)
			Changed title:
				Changed field "title" from "Art Director" to "Art Directors".
				Changed field "names":
					Total name: 5 (+4, -0)
					Added name "Daniel Björkefors".
					Added name "Kim Petersen".
					Added name "Telemachus Stavropoulos".
					Added name "Viktor Blanke".
			Changed title:
				Changed field "title" from "Art Leads" to "Lead Artists".
				Changed field "names":
					Total name: 5 (+2, -2)
					Removed name "Daniel Björkefors".
					Removed name "Telemachus Stavropoulos".
					Added name "Jasper Boerstra".
					Added name "Michael Ray Neumann".
			Changed title:
				Unchanged field "title": "Artists".
				Changed field "names":
					Total name: 19 (+6, -2)
					Changed name from "Erin Caswell (eXcell, a division of CompuCom)" to "Erin Caswell (Randstad)".
					Removed name "Lilei Yu (Collabera)".
					Removed name "Michael Ray Neumann".
					Added name "Aleesa Tana (Randstad)".
					Added name "Claire Selvog (Randstad)".
					Added name "Florian Decupper".
					Added name "Kailey Hara (Aquent LLC)".
					Added name "Mariana Salimena".
					Added name "Patrick A Rodes (Randstad)".
			Removed title:
				field "title": "Lead Technical Artist"
				field "names": name "Lisa Hazen"
			Removed title:
				field "title": "Technical Artist"
				field "names": name "Dylan Piepenbrok"
			Changed title:
				Unchanged field "title": "Graphic Artists".
				Changed field "names":
					Total name: 1 (+0, -1)
					Removed name "Jasper Boerstra".
			Removed title:
				field "title": "Lead Graphic Designers"
				field "names": name "Christine Gutierrez"
			Changed title:
				Unchanged field "title": "Graphic Designers".
				Changed field "names":
					Total name: 3 (+1, -0)
					Added name "Javier Rodriguez (Insight Global, Inc)".
			Changed title:
				Changed field "title" from "Motion Graphics Designer" to "Motion Graphics Designers".
				Changed field "names":
					Total name: 3 (+1, -1)
					Removed name "Kim Petersen".
					Added name "Rudy Solidarios (Randstad)".
			Added title:
				field "title": "3D Artists"
				field "names":
					name "Brendan Sullivan"
					name "Christian Nordgren"
			Added title:
				field "title": "Art Manager"
				field "names": name "Samir Belarbi"
	Changed section:
		Unchanged field "section": "Production".
		Changed field "titles":
			Total title: 16 (+1, -2)
			Changed title:
				Changed field "title" from "Head of Creator" to "Head of Creator Platform".
			Changed title:
				Changed field "title" from "Head of Platform Engineering" to "Head of Game Production".
			Changed title:
				Unchanged field "title": "Head of Games".
				Changed field "names":
					Total name: 1 (+1, -1)
					Removed name "Patrick Liu".
					Added name "Sara Jansson Bach".
			Changed title:
				Unchanged field "title": "Executive Producers".
				Changed field "names":
					Total name: 9 (+1, -2)
					Removed name "Allison Matthews".
					Removed name "Sara Jansson Bach".
					Added name "Ingela Garneij".
			Changed title:
				Unchanged field "title": "Production Managers".
				Changed field "names":
					Total name: 5 (+2, -0)
					Added name "Kyle Lawton".
					Added name "Melinda Knight".
			Changed title:
				Unchanged field "title": "Producers".
				Changed field "names":
					Total name: 47 (+12, -5)
					Removed name "Antonina Khazova".
					Changed name from "Chris Messena (Insight Global, Inc)" to "Chris Massena (Insight Global, Inc)".
					Removed name "Elizabeth Batson (insight Global, Inc)".
					Changed name from "Emily Carlson (Insight Global, Inc)" to "Riley Manns Insight Global, Inc)".
					Removed name "Ingela Garneij".
					Removed name "Kaya Hatcher".
					Changed name from "Loudon St Hill (Insight Global, Inc)" to "Aaron Culbreth (Insight Global, Inc)".
					Removed name "Melinda Knight".
					Added name "Anna Zakipour".
					Added name "Annica Strand".
					Added name "Carlos Naranjo".
					Added name "Caylin Kaunas (Randstad)".
					Added name "Daniel Stewart".
					Added name "Graham Logan (Randstad)".
					Added name "Hedwig Andra Laza".
					Added name "John Garcia (Collabera)".
					Added name "Lisa Bryer".
					Added name "Luis Qiang Liu".
					Added name "Marc Watson".
					Added name "William Cooper".
			Removed title:
				field "title": "Engineering Managers"
				field "names":
					name "Erika Renlund"
					name "Mac Maistrelli"
			Changed title:
				Unchanged field "title": "Organizational Coaches".
				Changed field "names":
					Total name: 4 (+3, -1)
					Removed name "Marie Stålkrantz".
					Added name "Martin Bloomstine".
					Added name "Rasmus Noah Hansen".
					Added name "Shah Rahman".
			Changed title:
				Unchanged field "title": "Release Managers".
				Changed field "names":
					Total name: 3 (+1, -1)
					Removed name "Kyle Rogers (Randstad)".
					Added name "Andrew Pritchard".
			Changed title:
				Unchanged field "title": "Quality Assurance".
				Changed field "names":
					Total name: 6 (+4, -0)
					Added name "Kristian Grimberg".
					Added name "Olle Personne".
					Added name "Paul Coada".
					Added name "Zackarias Gustavsson".
			Removed title:
				field "title": "Quality Engineers"
				field "names": name "Zackarias Gustavsson"
			Changed title:
				Unchanged field "title": "Technical Writers".
				Changed field "names":
					Total name: 1 (+0, -1)
					Removed name "Jeff Kim (Insight Global, Inc)".
			Added title:
				field "title": "Head of Minecraft Education"
				field "names": name "Allison Matthews"
	Changed section:
		Unchanged field "section": "Brand Creative".
		Changed field "titles":
			Total title: 16 (+0, -13)
			Changed title:
				Unchanged field "title": "Head of Creative Production".
				Changed field "names":
					Total name: 1 (+1, -1)
					Removed name "Katharina Hautz".
					Added name "Isabella Arningsmark".
			Removed title:
				field "title": "Lead Brand Producer"
				field "names": name "Åsa Skogström"
			Removed title:
				field "title": "Brand Art Director"
				field "names": name "Martin Johansson"
			Removed title:
				field "title": "Brand Producers"
				field "names":
					name "Hampus Nilsson"
					name "Jenny Ahnell"
					name "Lisa Kempe"
			Removed title:
				field "title": "Brand Assurance Manager"
				field "names":
					name "Celene Tolentino (Harvey Nash)"
					name "Dana Mack (Harvey Nash)"
			Removed title:
				field "title": "Lead Consumer Products Producer"
				field "names": name "Milo Bengtsson"
			Changed title:
				Changed field "title" from "Consumer Products Creative Lead" to "Creative Leads".
				Changed field "names":
					Total name: 2 (+1, -0)
					Added name "Martin Johansson".
			Removed title:
				field "title": "Consumer Products Producer"
				field "names": name "Josefin Olsson"
			Changed title:
				Changed field "title" from "Consumer Products Product Designers" to "Product Designers".
				Changed field "names":
					Total name: 4 (+1, -0)
					Added name "Adrian Ward".
			Changed title:
				Changed field "title" from "Lead Media & Events Producer" to "Lead Producers".
				Changed field "names":
					Total name: 3 (+2, -0)
					Added name "Christine Platon".
					Added name "Milo Bengtsson".
			Changed title:
				Changed field "title" from "Media Producers" to "Producers".
				Changed field "names":
					Total name: 13 (+11, -0)
					Changed name from "Johan Kvarnermo" to "Johan Kvarnemo".
					Added name "Charlotte Angantyr".
					Added name "Ellen Karlsten".
					Added name "Hampus Nilsson".
					Added name "Isabella Balk".
					Added name "Josefin Olsson".
					Added name "Lisa Kempe".
					Added name "Nicolette Suraga".
					Added name "Renee Wikander".
					Added name "Sloane Delancer".
					Added name "Tilde Westrup".
					Added name "Tim Mardell".
			Removed title:
				field "title": "Events Producer"
				field "names": name "Charlotte Hallberg Angantyr"
			Removed title:
				field "title": "Games Experience Producers"
				field "names":
					name "Nicolette Suraga"
					name "Renee Wikander"
					name "Tim Mardell"
			Removed title:
				field "title": "Head of Creative Communications"
				field "names": name "Thomas Wiborgh"
			Changed title:
				Unchanged field "title": "Creative Writers".
				Changed field "names":
					Total name: 4 (+1, -1)
					Removed name "Kelsey Howard".
					Added name "Sophie Austin".
			Removed title:
				field "title": "Head of Social Media"
				field "names": name "Alice Löfgren"
			Removed title:
				field "title": "Social & Comms Producer"
				field "names": name "Isabella Balk"
			Changed title:
				Unchanged field "title": "Social Media Managers".
				Changed field "names":
					Total name: 2 (+0, -2)
					Removed name "Alex Fleck (Adecco)".
					Removed name "David Ramos (Collabera)".
			Changed title:
				Unchanged field "title": "Art Directors".
				Changed field "names":
					Total name: 4 (+2, -2)
					Removed name "Ola Lanteli".
					Removed name "Wiktor Persson".
					Added name "Julian Kerr".
					Added name "Seung Sung".
			Changed title:
				Changed field "title" from "Art Lead Events" to "Art Lead".
			Removed title:
				field "title": "Art Lead Social"
				field "names": name "Seung Sung"
			Removed title:
				field "title": "Graphic Designer"
				field "names": name "Markus Karlsson Frost"
			Changed title:
				Changed field "title" from "GFX Designer" to "Graphic Designer".
				Changed field "names":
					Changed name from "Afshin “Affe” Piran" to "Afshin 'Affe' Piran".
			Changed title:
				Changed field "title" from "Artist" to "Artists".
				Changed field "names":
					Total name: 2 (+1, -0)
					Added name "Markus Frost".
	Changed section:
		Unchanged field "section": "User Experience".
		Changed field "titles":
			Total title: 3 (+1, -1)
			Removed title:
				field "title": "User Experience Design Lead"
				field "names": name "Jonathan Paton Gallina"
			Changed title:
				Unchanged field "title": "User Experience Designers".
				Changed field "names":
					Total name: 7 (+3, -2)
					Removed name "Daniel Feldt".
					Removed name "Sandra Bornemark".
					Added name "Jonathan Paton Gallina".
					Added name "Lucas Morales Sousa".
					Added name "William Hollowell".
			Added title:
				field "title": "User Experience Writer"
				field "names": name "Juan Buis"
	Changed section:
		Unchanged field "section": "Operations".
		Changed field "titles":
			Total title: 18 (+4, -0)
			Changed title:
				Unchanged field "title": "Head of Stockholm Operations".
				Changed field "names":
					Total name: 1 (+1, -1)
					Removed name "Ulrika Höjgård".
					Added name "Sheila Ho".
			Changed title:
				Unchanged field "title": "Head of Franchise Operations".
				Changed field "names":
					Changed name from "Josh Bligenstorffer" to "Josh Bliggenstorffer".
			Changed title:
				Unchanged field "title": "Human Resources".
				Changed field "names":
					Total name: 12 (+5, -0)
					Changed name from "Maja Samuelsson" to "Maria Sjöman".
					Added name "Aron Glauser".
					Added name "Hanan Naamneh".
					Added name "Jenny Ahnell".
					Added name "Simon Taylor".
					Added name "Veronica Camaj Ericson".
			Changed title:
				Unchanged field "title": "Office Manager".
				Changed field "names":
					Changed name from "Siri Hoel Andersson" to "Siri Hoel".
			Changed title:
				Unchanged field "title": "Executive Business Administrators".
				Changed field "names":
					Total name: 4 (+2, -2)
					Removed name "Judy Wheeler".
					Removed name "Katy Hanson".
					Added name "Rachel Cox".
					Added name "Theresa Chin".
			Changed title:
				Unchanged field "title": "Front of House".
				Changed field "names":
					Total name: 2 (+2, -1)
					Removed name "Adam Blänning".
					Added name "Eliza Lancelot".
					Added name "Felicia Björn Nordling".
			Changed title:
				Changed field "title" from "IT Manager" to "IT Managers".
			Changed title:
				Unchanged field "title": "IT".
				Changed field "names":
					Total name: 7 (+2, -3)
					Removed name "Carl Johan Swärd".
					Removed name "Daniel Miller (Insight Global, Inc)".
					Removed name "Dolly MacKwan".
					Changed name from "Shoghi Cervantes" to "Shoghi Cervantes Pueyo".
					Added name "Elin Törnefall".
					Added name "Shoaib Hosseini".
			Changed title:
				Unchanged field "title": "Operations Manager".
				Changed field "names":
					Total name: 1 (+1, -1)
					Removed name "Sheila Ho".
					Added name "Kaya Hatcher".
			Changed title:
				Unchanged field "title": "Automation Support".
				Changed field "names":
					Total name: 5 (+1, -2)
					Removed name "Matthew Gustaff (Digital Intelligence Systems LLC)".
					Removed name "Sean Connolly (Insight Global, Inc)".
					Added name "Gregory D Searing (WaferWire Cloud Technologies)".
			Added title:
				field "title": "Executive Strategic Advisor"
				field "names": name "Jonas Mårtensson"
			Added title:
				field "title": "HR Directors"
				field "names":
					name "David Hill"
					name "Maja Samuelsson"
			Added title:
				field "title": "Sr HR Business Partners"
				field "names":
					name "Maja Samuelsson"
					name "Nia Parker"
			Added title:
				field "title": "Internal Communications Manager"
				field "names": name "Matt Martin"
	Changed section:
		Unchanged field "section": "Data and Analytics".
		Changed field "titles":
			Total title: 7 (+2, -0)
			Changed title:
				Unchanged field "title": "Data Science".
				Changed field "names":
					Total name: 13 (+4, -5)
					Removed name "Anh Ying Lang (Design Laboratory Inc)".
					Changed name from "Conor Maguire (Kelly Mitchell Group, Inc)" to "Conor Maguire (KellyMitchell Group, Inc)".
					Changed name from "Cyrus Rustomji (Kelly Mitchell Group, Inc)" to "Tong Shen (KellyMitchell Group, Inc)".
					Changed name from "Dusanka Poljak (Design Laboratory Inc)" to "Dusanka Poljak (Design Laboratory, Inc)".
					Removed name "Forrest Wheeler (Insight Global, Inc)".
					Removed name "Mel Alleyne".
					Removed name "Mike Hernandez (Insight Global, Inc)".
					Removed name "Natalie Selin".
					Added name "Aaron Johnson".
					Added name "Daniel Camarena (KellyMitchell Group, Inc)".
					Added name "Jonathan Lau (KellyMitchell Group, Inc)".
					Added name "Zach Golkhou (KellyMitchell Group, Inc)".
			Changed title:
				Unchanged field "title": "Data Engineering".
				Changed field "names":
					Total name: 7 (+3, -0)
					Changed name from "Sachin Dekate (Design Laboratory Inc)" to "Sachin Dekate (Design Laboratory, Inc)".
					Added name "Addy Deodikar (Design Laboratory, Inc)".
					Added name "Patrick Worthey".
					Added name "Timothy Olojede".
			Added title:
				field "title": "Data and Analytics Lead"
				field "names": name "Natalie Selin"
			Added title:
				field "title": "Analytics Environment Manager"
				field "names": name "Troy Henke"
	Changed section:
		Unchanged field "section": "Business & Licensing".
		Changed field "titles":
			Total title: 19 (+2, -0)
			Changed title:
				Changed field "title" from "Head of Franchise Business Management" to "Head of Franchise Business & Growth".
			Changed title:
				Changed field "title" from "Head of Partnerships & Licensing" to "Head of Franchise Development".
			Changed title:
				Unchanged field "title": "Directors of Business Development".
				Changed field "names":
					Total name: 5 (+1, -0)
					Added name "Justin Edwards".
			Changed title:
				Unchanged field "title": "Directors of Business Management".
				Changed field "names":
					Total name: 2 (+0, -1)
					Removed name "Stephen McHugh".
			Changed title:
				Unchanged field "title": "Business Managers".
				Changed field "names":
					Total name: 21 (+3, -4)
					Removed name "Christy Weckner".
					Removed name "Eileen Lee".
					Removed name "Luis Qiang Liu".
					Removed name "Rebecca A Miller".
					Added name "Laylah Stanley Si Bulman".
					Added name "Morgan Farrar (Apex Systems, Inc)".
					Added name "Wendy Gorton".
			Changed title:
				Unchanged field "title": "Business Development Managers".
				Changed field "names":
					Total name: 4 (+3, -0)
					Added name "Christy Weckner".
					Added name "Eileen Lee".
					Added name "Rebecca A Miller".
			Changed title:
				Unchanged field "title": "Business Analyst".
				Changed field "names":
					Total name: 2 (+0, -1)
					Removed name "Zheng Wang (Populus Group, LLC)".
			Changed title:
				Changed field "title" from "Content Coordinators" to "Content Coordinator".
				Changed field "names":
					Total name: 2 (+1, -0)
					Added name "Niclas Fredriksson".
			Changed title:
				Unchanged field "title": "Program Managers".
				Changed field "names":
					Total name: 15 (+4, -3)
					Changed name from "Gregory Walls (CompuCom Systems Inc)" to "Gregory Walls (Excell)".
					Changed name from "John C. Mercil (CompuCom Systems Inc)" to "John C. Mercil (CompuCom Systems, Inc)".
					Removed name "Laylah Stanley Si Bulman".
					Removed name "Liz Butowicz (Bluehawk LLC)".
					Changed name from "Mark Fredo (Aerotek Inc)" to "Morgan Farrar (Apex Systems, Inc)".
					Changed name from "Natalie Haggin (Simplicity Consulting Inc)" to "Natalie Haggin (Simplicity Consulting, Inc)".
					Changed name from "Steven Hosey (Simplicity Consulting Inc)" to "Steven Hosey (Simplicity Consulting, Inc)".
					Removed name "Wendy Gorton".
					Added name "Emily Carlson".
					Added name "Georgia Marra".
					Added name "Helene Brown".
					Added name "Liz Leo".
			Changed title:
				Unchanged field "title": "Studio Compliance Analyst".
				Changed field "names":
					Changed name from "Justin Ray (Design Laboratory Inc)" to "Justin Ray (Design Laboratory, Inc)".
			Changed title:
				Unchanged field "title": "Category Managers".
				Changed field "names":
					Total name: 4 (+1, -2)
					Removed name "Georgia Marra".
					Removed name "Shabnam Elmi (Jeffrey M Consulting LLC)".
					Added name "Shabnam Elmi".
			Added title:
				field "title": "Head of Social Impact & Partnerships"
				field "names": name "Ada Duan"
			Added title:
				field "title": "Brand Assurance Managers"
				field "names":
					name "Celene Tolentino (Harvey Nash)"
					name "Dana Mack (Harvey Nash)"
					name "Stephanie Nannariello (Harvey Nash)"
	Changed section:
		Unchanged field "section": "Player Operations".
		Changed field "titles":
			Changed title:
				Unchanged field "title": "Community Managers".
				Changed field "names":
					Changed name from "Lindsey Schaal (Apex Systems Inc)" to "Lindsey Schaal (Apex Systems, Inc)".
			Changed title:
				Unchanged field "title": "Customer Support Lead".
				Changed field "names":
					Total name: 2 (+1, -0)
					Added name "Justin Putnam (TEKsystems, Inc)".
			Changed title:
				Unchanged field "title": "Customer Support".
				Changed field "names":
					Changed name from "Kyle McMurtry (TEKsystems, Inc)" to "Andrew Lee (Apex Systems, Inc)".
	Changed section:
		Unchanged field "section": "Marketing".
		Changed field "titles":
			Changed title:
				Unchanged field "title": "Marketing Managers".
				Changed field "names":
					Changed name from "Ashley Davidson (Simplicity Consulting Inc)" to "Ashley Davidson (Simplicity Consulting, Inc)".
					Changed name from "Gabi Ibarra (Simplicity Consulting Inc)" to "Gabi Ibarra (Simplicity Consulting, Inc)".
					Changed name from "Lindsay Auten (Simplicity Consulting Inc)" to "Lindsay Auten (Simplicity Consulting, Inc)".
	Changed section:
		Unchanged field "section": "Communications".
		Changed field "titles":
			Total title: 10 (+2, -1)
			Changed title:
				Changed field "title" from "Directors of Global Public Relations" to "Director of Communications".
				Changed field "names":
					Changed name from "Regan O’Leary" to "Regan O'Leary".
			Changed title:
				Changed field "title" from "Global Public Relations Managers" to "Communication Managers".
				Changed field "names":
					Total name: 2 (+1, -1)
					Removed name "John Schork".
					Added name "Holly Amber Smith".
			Changed title:
				Unchanged field "title": "Assembly Media, Inc".
				Changed field "names":
					Total name: 5 (+3, -4)
					Removed name "Alli Cohen".
					Removed name "Cristian Delgado".
					Removed name "Jesse Steinberg".
					Removed name "Richard Chen".
					Added name "Adam Pannel".
					Added name "Tory Edelman".
					Added name "Wesley Gore".
			Removed title:
				field "title": "Lead Producer - Brand Experience"
				field "names": name "Karim Walldén"
			Changed title:
				Unchanged field "title": "Web Design".
				Changed field "names":
					Total name: 1 (+0, -1)
					Removed name "Taylor Kasony (eXcell, a division of CompuCom)".
			Added title:
				field "title": "Social Media Managers"
				field "names":
					name "Alex Fleck (Adecco)"
					name "David Ramos (Collabera)"
			Added title:
				field "title": "Sr. Social Media Lead"
				field "names": name "Sara Reiner"
	Changed section:
		Unchanged field "section": "Finance".
		Changed field "titles":
			Total title: 5 (+2, -0)
			Changed title:
				Changed field "title" from "Director of Finance" to "Finance Director".
			Changed title:
				Changed field "title" from "Senior Finance Manager" to "Finance Manager".
				Changed field "names":
					Total name: 2 (+1, -0)
					Added name "Katarina Norlander".
			Changed title:
				Changed field "title" from "Financial Accountants" to "Senior Financial Accountant".
				Changed field "names":
					Total name: 1 (+0, -2)
					Removed name "Natalie Levinsson".
					Removed name "Strefan Lyrmark".
			Added title:
				field "title": "Financial Accountant"
				field "names": name "Jelena Pejic"
			Added title:
				field "title": "Financial Consultant"
				field "names": name "Stefan Lyrmark"
	Changed section:
		Unchanged field "section": "Studios Quality Team - Microsoft".
		Changed field "titles":
			Changed title:
				Changed field "title" from "Quality Manager" to "Studios Quality Manager".
				Changed field "names":
					Total name: 1 (+1, -1)
					Removed name "Rob Straavaldson".
					Added name "Tyler Moeller".
			Changed title:
				Unchanged field "title": "Quality Leads".
				Changed field "names":
					Total name: 5 (+0, -1)
					Removed name "Tyler Moeller".
			Changed title:
				Unchanged field "title": "Quality Engineers".
				Changed field "names":
					Total name: 5 (+3, -1)
					Removed name "Fiona Belmont".
					Added name "Herve Iradukunda".
					Added name "Mark McAllister".
					Added name "Mimi Guarino".
			Changed title:
				Unchanged field "title": "Quality Data Analysis & Engineering".
				Changed field "names":
					Total name: 3 (+1, -0)
					Added name "Christian Koguchi".
			Changed title:
				Unchanged field "title": "Software Engineers".
				Changed field "names":
					Total name: 4 (+3, -0)
					Added name "Aaron Amlag".
					Added name "Moodie Ghaddar".
					Added name "Scott Lindberg".
			Changed title:
				Unchanged field "title": "Quality Analysts".
				Changed field "names":
					Total name: 8 (+0, -4)
					Removed name "Ben Weber".
					Removed name "Mark McAllister".
					Removed name "Michelle Hyde".
					Removed name "Mimi Guarino".
			Changed title:
				Unchanged field "title": "Special Thanks".
				Changed field "names":
					Total name: 9 (+1, -0)
					Changed name from "Zoe Harrop - Senior Business Coordinator, Studios Quality UK" to "Zoe Harrop – Senior Business Coordinator, Studios Quality UK".
					Added name "Kenna Gillooly – Executive Business Administrator".
	Changed section:
		Unchanged field "section": "Studios Quality Team - US Teams".
		Changed field "titles":
			Changed title:
				Unchanged field "title": "Software Test Engineering Leads".
				Changed field "names":
					Total name: 2 (+1, -2)
					Removed name "Bob Green (Experis)".
					Removed name "Chris Wilson (Experis)".
					Added name "Barry Doyle (Insight Global, Inc)".
			Changed title:
				Unchanged field "title": "Software Test Engineers".
				Changed field "names":
					Total name: 15 (+1, -0)
					Changed name from "Jared Barnhill (Experis)" to "Kevin Gittens (Experis)".
					Changed name from "Kai VanDrunen (Experis)" to "Brian Lareau (Experis)".
					Changed name from "Samuel Tharp (Experis)" to "Brooke Chapman (Experis)".
					Changed name from "Sean Dugan (Experis)" to "Adam DuBois (Experis)".
					Added name "Michelle Elbert (Experis)".
			Changed title:
				Unchanged field "title": "Test Associates".
				Changed field "names":
					Total name: 11 (+0, -1)
					Changed name from "Jonathan Lee (Experis)" to "Ryan Weant (Experis)".
					Changed name from "Kayla Cherry (Experis)" to "Jacob Childers (Experis)".
					Changed name from "Peter Lovely (Experis)" to "Austin Keeling (Experis)".
					Removed name "Rita-Lynn Dibble (Experis)".
			Changed title:
				Unchanged field "title": "Special Thanks".
				Changed field "names":
					Total name: 17 (+2, -0)
					Changed name from "Frank Criscione Experis)" to "Frank Criscione (Experis)".
					Added name "Ben Farley (Experis) – Test Manager, Tempe".
					Added name "Thomas Hanson (Experis)".
	Changed section:
		Unchanged field "section": "Special Thanks".
		Changed field "titles":
			Total title: 1 (+1, -1)
			Removed title:
				field "title": "Albert Pastore - Director of Business Development, Music and Talent"
				field "names":
					name "4J Studios"
					name "Andrew Pritchard - Release Management"
					name "Dan Roque – Creature Developer"
					name "Daniel Brynolf"
					name "John Olarte (DrZhark) - Creature Developer"
					name "Julian Gough - Writer"
					name "Kent Christian Jensen – Creature Developer"
					name "Pontus Hammarberg"
					name "Reza Elghazi - Developer Account Manager"
					name "Stephanie Golden (Insight Global, Inc) – Account Manager"
					name "The PlayFab Team"
					name "The Xbox Live Team"
			Added title:
				field "title": ""
				field "names":
					name "4J Studios"
					name "Albert Pastore - Director of Business Development, Music and Talent"
					name "Dan Roque – Creature Developer"
					name "Gideon Driver (Zen3 Infosolutions America, Inc)"
					name "John 'DrZhark' Olarte - Creature Developer"
					name "Julian Gough - Writer"
					name "Kent Christian Jensen – Creature Developer"
					name "Reza Elghazi - Developer Account Manager"
					name "Stephanie Golden (Insight Global, Inc) – Account Manager"
					name "The PlayFab Team"
					name "The Xbox Live Team"
					name "Vishnu Nalagangula (Zen3 Infosolutions America, Inc)"
	Changed section:
		Unchanged field "section": "Development Partner: Lionbridge Quality - Poland Team".
		Changed field "titles":
			Changed title:
				Unchanged field "title": "Team Leads".
				Changed field "names":
					Total name: 5 (+1, -0)
					Added name "Tomasz Bokotko (Lionbridge)".
			Changed title:
				Unchanged field "title": "Software Test Engineers".
				Changed field "names":
					Total name: 20 (+2, -0)
					Changed name from "Agata Dzideczek (Lionbridge)" to "Mateusz Janiszewski (Lionbridge)".
					Changed name from "Damian Gabryś (Lionbridge)" to "Paulina Pałdyna (Lionbrige)".
					Changed name from "Joanna Walkowiak-Pachnik (Lionbridge)" to "Jakub Kwiatkowski (Lionbridge)".
					Changed name from "Tomasz Bokotko (Lionbridge)" to "Mariusz Podgórski (Lionbridge)".
					Added name "Katarzyna Moskalewicz (Lionbridge)".
					Added name "Piotr Gruszczyński (Lionbridge)".
			Changed title:
				Changed field "title" from "Compliance Test Engineers" to "Compliance Software Test Engineers".
				Changed field "names":
					Total name: 5 (+4, -0)
					Added name "Adam Ronowski (Lionbridge)".
					Added name "Maciej Rodak (Lionbridge)".
					Added name "Piotr Orłowski (Lionbridge)".
					Added name "Szymon Okoń (Lionbridge)".
			Changed title:
				Unchanged field "title": "Test Associates".
				Changed field "names":
					Total name: 118 (+0, -24)
					Removed name "Ada Kierzkowska (Lionbridge)".
					Changed name from "Aleksander Bratkowski (Lionbridge)" to "Kacper Bujakowski (Lionbridge)".
					Changed name from "Aleksander Skiba (Lionbridge)" to "Aleksander Aussenberg (Lionbridge)".
					Changed name from "Andrzej Tkaczenko (Lionbridge)" to "Konrad Jówko (Lionbridge".
					Removed name "Artur Kulesza (Lionbridge)".
					Removed name "Daniel Dełczew (Lionbridge)".
					Changed name from "Daniel Kocęba (Lionbridge)" to "Bartłomiej Łobocki (Lionbridge)".
					Changed name from "Dominik Hałatkiewicz (Lionbridge)" to "Dominik Wiśniowski (Lionbridge)".
					Removed name "Eryk Czerski (Lionbridge)".
					Removed name "Filip Maciejewski (Lionbridge)".
					Changed name from "Hubert Karwicki (Lionbridge)" to "Robert Szadkowski (Lionbridge)".
					Changed name from "Jacek Zdzymira (Lionbridge)" to "Jakub Suchorab (Lionbridge)".
					Changed name from "Jakub Kwiatkowski (Lionbridge)" to "Jakub Rosłoński (Lionbridge)".
					Changed name from "Jakub Sawicki (Lionbridge)" to "Jakub Opalinski (Lionbridge)".
					Changed name from "Joanna Jablonska (Lionbridge)" to "Joanna Jabłonska (Lionbridge)".
					Changed name from "Kamil Marut (Lionbridge)" to "Kamil Stopa (Lionbridge)".
					Removed name "Kamil Szczepański (Lionbridge)".
					Changed name from "Katarzyna Moskalewicz (Lionbridge)" to "Kacper Senkowicz (Lionbridge)".
					Removed name "Krzysztof Łuczyński (Lionbridge)".
					Removed name "Krzysztof Połeć (Lionbridge)".
					Removed name "Krzysztof Rozwadowski (Lionbridge)".
					Removed name "Krzysztof Staniewski (Lionbridge)".
					Removed name "Łukasz Stępkowski (Lionbridge)".
					Changed name from "Maciej Gończ (Lionbridge)" to "Marcin Morel (Lionbridge)".
					Removed name "Magdalena Maciejewska (Lionbridge)".
					Removed name "Maksymilian Kowalski (Lionbridge)".
					Changed name from "Marcin Bartmański (Lionbridge)" to "Marcin Krysiak (Lionbridge)".
					Removed name "Mariusz Podgórski (Lionbridge)".
					Changed name from "Mateusz Janiszewski (Lionbridge)" to "Miłosz Kahlan (Lionbridge)".
					Changed name from "Melchior Lewandowski-Wołosz" to "Melchior Lewandowski-Wołosz (Lionbridge)".
					Changed name from "Michał Szewczyk (Lionbridge)" to "Marcin Szałek (Lionbridge)".
					Removed name "Olgierd Ruszkiewicz (Lionbridge)".
					Removed name "Pamela Frąckowiak  (Lionbridge)".
					Removed name "Patrycja Kopiś (Lionbridge)".
					Changed name from "Patryk Kowalczyk (Lionbridge)" to "Tolly Kulczycki (Lionbridge)".
					Removed name "Patryk Rukść (Lionbridge)".
					Changed name from "Paulina Pałdyna (Lionbridge)" to "Marcin Cudny (Lionbridge)".
					Changed name from "Piotr Retel (Lionbridge)" to "Piotr Walasik (Lionbridge)".
					Removed name "Robert Badurka-Raniecki (Lionbridge)".
					Removed name "Sebastian Marek (Lionbridge)".
					Removed name "Szczepan Grabowski (Lionbridge)".
					Changed name from "Wiktor Irek (Lionbridge)" to "Piotr Szafran (Lionbridge)".
					Removed name "Wojciech Skrzypkowski (Lionbridge)".
					Removed name "Zuzanna Radomska (Lionbridge)".
					Removed name "Zuzanna Wielkopolan (Lionbridge)".
			Changed title:
				Unchanged field "title": "Compliance Test Associates".
				Changed field "names":
					Changed name from "Adrian Zalewski (Lionbridge)" to "Sebastian Michalski (Lionbridge)".
					Changed name from "Bartosz Dąbrowski (Lionbridge)" to "Barbara Rutkowska (Lionbridge)".
					Changed name from "Maciej Rodak (Lionbridge)" to "Marcin Paszkiewicz (Lionbridge)".
					Changed name from "Marcin Bała (Lionbridge)" to "Marcin Kubicki (Lionbridge)".
					Changed name from "Piotr Orłowski (Lionbridge)" to "Cezary Romecki (Lionbridge)".
	Changed section:
		Unchanged field "section": "Development Partner: Disbelief".
		Changed field "titles":
			Total title: 5 (+5, -1)
			Removed title:
				field "title": ""
				field "names":
					name "Eric Nguyen"
					name "Grue Robinson"
					name "Tim Hagberg"
			Added title:
				field "title": "President"
				field "names": name "Steve Ellmore"
			Added title:
				field "title": "CTO"
				field "names": name "Steve Anichini"
			Added title:
				field "title": "Senior Programmer"
				field "names": name "Tim Hagberg"
			Added title:
				field "title": "Programmer"
				field "names": name "Eric Nguyen"
			Added title:
				field "title": "Producer"
				field "names": name "Grue Robinson"
	Changed section:
		Unchanged field "section": "Development Partner: Skybox".
		Changed field "titles":
			Changed title:
				Unchanged field "title": "".
				Changed field "names":
					Total name: 80 (+34, -9)
					Removed name "Alex MacKay".
					Removed name "Alfonso Muñoz".
					Removed name "Amandeep Malhi".
					Changed name from "Arta Seify" to "Adrian Smith".
					Removed name "Jun Luo".
					Removed name "Sam Martens".
					Removed name "Shiva Gupta".
					Changed name from "Steve Silverster" to "Steven Silvester".
					Changed name from "Steven Wong" to "Ian Wang".
					Removed name "Tina Dhaliwal".
					Removed name "Vivian Ortenzi".
					Removed name "Zike Wu".
					Added name "Carsten Hooker".
					Added name "Cody Clattenburg".
					Added name "Cyro Paulino da Costa".
					Added name "Daniel Shim".
					Added name "Franka Mostert".
					Added name "Gary Texmo".
					Added name "Glen Conolly".
					Added name "Isaac Calon".
					Added name "Ivan Yemelianov".
					Added name "Jacob Jensen".
					Added name "Jagger Nast".
					Added name "Jake Roman-Barnes".
					Added name "Jessica Muniz".
					Added name "Jonathan Yim".
					Added name "Jordan Lacey".
					Added name "Joseph Cameron".
					Added name "Kyle Roblin".
					Added name "Matheus Depra Gudergues".
					Added name "Max Fanning".
					Added name "Mitch Filmer".
					Added name "Pedro Kauati".
					Added name "Reynald Brassard".
					Added name "Richard Hawkes".
					Added name "Richard Walker".
					Added name "Shaun Foley".
					Added name "Shreyas Babu".
					Added name "Stefan Sarnev".
					Added name "Thiago Braga".
					Added name "Thomas Le Gerroue-Drevillon".
					Added name "Tim Bruecker".
					Added name "Ty Lauriente".
					Added name "Tyler Da Costa".
					Added name "William Sherif".
					Added name "Zachary Campbell".
	Changed section:
		Unchanged field "section": "Development Partner: Red Lens Games".
		Changed field "titles":
			Total title: 7 (+4, -1)
			Changed title:
				Unchanged field "title": "Producer".
				Changed field "names":
					Total name: 1 (+1, -1)
					Removed name "Allie Murdock".
					Added name "Nova Barlow".
			Removed title:
				field "title": "Lead Software Engineers"
				field "names":
					name "Kyle Walsh"
					name "Nathan Carlson"
			Changed title:
				Unchanged field "title": "Software Engineers".
				Changed field "names":
					Total name: 11 (+5, -3)
					Removed name "Arend Danielek".
					Removed name "Ryan Edgemon".
					Removed name "Stephen Chiavelli".
					Added name "Alex Green".
					Added name "Grant Wynn".
					Added name "Jonathan Liu".
					Added name "Tyler Perry".
					Added name "Zeke Lasater".
			Added title:
				field "title": "Engineering Director"
				field "names": name "Kyle Walsh"
			Added title:
				field "title": "Lead Project Manager"
				field "names": name "Allie Murdock"
			Added title:
				field "title": "Dev Lead"
				field "names":
					name "Arend Danielek"
					name "Steve Chiavelli"
			Added title:
				field "title": "Tech Lead"
				field "names":
					name "Nathan Carlson"
					name "Ryan Edgemon"
	Changed section:
		Unchanged field "section": "Development Partner: Virtuosity".
		Changed field "titles":
			Changed title:
				Unchanged field "title": "Producers".
				Changed field "names":
					Total name: 1 (+0, -1)
					Removed name "Shanthi Kanchibhotla (Virtuosity)".
	Changed section:
		Unchanged field "section": "Mojang Alumni".
		Changed field "titles":
			Total title: 110 (+41, -0)
			Changed title:
				Unchanged field "title": "Game Designers".
				Changed field "names":
					Total name: 8 (+4, -0)
					Added name "Brandon Franklin (Insigt Global, Inc)".
					Added name "Jared Greiner".
					Added name "Lauren E. Careccia".
					Added name "Pradnesh Patil".
			Changed title:
				Unchanged field "title": "Game Developers".
				Changed field "names":
					Total name: 53 (+12, -2)
					Removed name "Aron Nieminen".
					Changed name from "Chris Barrett (Apex Systems Inc)" to "Chris Barrett (Apex Systems, Inc)".
					Changed name from "Jeff “Dextor” Blazier" to "Jeff 'Dextor' Blazier".
					Removed name "Jon Maiga".
					Changed name from "Michael “Mikaus“ Whiteley" to "Michael 'Mikaus' Whiteley".
					Changed name from "Patrick O’Leary" to "Patrick O'Leary".
					Added name "Anton Arbring".
					Added name "Cezary Tomczak".
					Added name "Daniel Feldt".
					Added name "Jakob Horndahl".
					Added name "John Haynes".
					Added name "Jonas Bergström".
					Added name "Jonas Eriksson".
					Added name "Joshua Letellier".
					Added name "Rui Ma".
					Added name "Sandra Bornemark".
					Added name "Thomas Guimbretiére".
					Added name "Tomas Alaeus".
			Changed title:
				Unchanged field "title": "UI Developers".
				Changed field "names":
					Total name: 8 (+4, -0)
					Added name "Albin Odervall".
					Added name "Anna Päärni".
					Added name "Emil Hedemalm".
					Added name "Mohamed Fouad Saga".
			Changed title:
				Unchanged field "title": "Architects".
				Changed field "names":
					Total name: 3 (+2, -0)
					Added name "Michael Seydl".
					Added name "Mike Frost".
			Changed title:
				Unchanged field "title": "Software Developers".
				Changed field "names":
					Total name: 23 (+6, -1)
					Changed name from "David “Lion” Kimbro (Insight Global, Inc)" to "David 'Lion' Kimbro (Insight Global, Inc)".
					Changed name from "Jorge Antonio Jimenez (Design Laboratory Inc)" to "Jorge Antonio Jimenez (Design Laboratory, Inc)".
					Removed name "David Westen".
					Added name "Alex Wouters (Insight Global, Inc)".
					Added name "Coseo Frerichs (Insight Global, Inc)".
					Added name "Robert Di Battista (Insight Global, Inc)".
					Added name "Steve Trigger (Insight Global, Inc)".
					Added name "Tanner Pearson (Insight Global, Inc)".
					Added name "Zack Moxley (Insight Global, Inc)".
			Changed title:
				Unchanged field "title": "Lead System Engineers".
				Changed field "names":
					Total name: 1 (+0, -1)
					Removed name "Tomas Sommar".
			Changed title:
				Unchanged field "title": "Service Software Engineers".
				Changed field "names":
					Total name: 9 (+2, -0)
					Added name "Filip Hedenskog".
					Added name "Norman Skinner (Insight Global, Inc)".
			Changed title:
				Changed field "title" from "Art Director" to "Art Directors".
				Changed field "names":
					Total name: 4 (+3, -0)
					Added name "Logan Lubera".
					Added name "Ola Lanteli".
					Added name "Wiktor Persson".
			Changed title:
				Unchanged field "title": "3D/VFX".
				Changed field "names":
					Total name: 3 (+2, -0)
					Added name "Jakob Gavelli".
					Added name "Marco Vale".
			Changed title:
				Unchanged field "title": "Artists".
				Changed field "names":
					Changed name from "Kelly Greene (CompuCom Systems Inc)" to "Kelly Greene (CompuCom Systems, Inc)".
			Changed title:
				Changed field "title" from "Sound Designer" to "Sound Designers".
				Changed field "names":
					Total name: 2 (+1, -1)
					Removed name "Peter Hont".
					Added name "Kevin Martinez".
			Changed title:
				Unchanged field "title": "Producers".
				Changed field "names":
					Total name: 33 (+10, -1)
					Removed name "Isabella Arningsmark".
					Added name "Anna Holdosi-Simon".
					Added name "Antonina Y Khazova".
					Added name "Åsa Skogström".
					Added name "Carina Pettersson".
					Added name "Elizabeth Batson (Insight Global, Inc)".
					Added name "Emma Erixson".
					Added name "Loudon St Hill (Insight Global, Inc)".
					Added name "Michael Welch (Insight Global, Inc)".
					Added name "Moira Ingeltun".
					Added name "Sofia Orrheim".
			Changed title:
				Unchanged field "title": "Release Manager".
				Changed field "names":
					Total name: 3 (+1, -0)
					Changed name from "Dustin Wood (Design Laboratory Inc)" to "Dustin Wood (Design Laboratory, Inc)".
					Added name "Kyle Rogers (Randstad)".
			Changed title:
				Unchanged field "title": "User Experience Designer".
				Changed field "names":
					Changed name from "Connor Tompsett (CompuCom Systems Inc)" to "Connor Tompsett (CompuCom Systems, Inc)".
			Changed title:
				Unchanged field "title": "Executive Business Administrators".
				Changed field "names":
					Total name: 4 (+2, -0)
					Added name "Judith L. Wheeler".
					Added name "Katy Hanson".
			Changed title:
				Unchanged field "title": "Business Administrators".
				Changed field "names":
					Changed name from "Shae M. Flanigan (C2S Technologies Inc)" to "Shae M. Flanigan (C2S Technologies, Inc)".
			Changed title:
				Unchanged field "title": "Data Science & Analytics".
				Changed field "names":
					Total name: 13 (+1, -1)
					Changed name from "Darin LaSota (Design Laboratory Inc)" to "Darin LaSota (Design Laboratory, Inc)".
					Changed name from "Ethan Batson (Design Laboratory Inc)" to "Ethan Batson (Design Laboratory, Inc)".
					Changed name from "Gil Darves (Design Laboratory Inc)" to "Gil Darves (Design Laboratory, Inc)".
					Changed name from "Murali Nagarajan (Design Laboratory Inc)" to "Murali Nagarajan (Design Laboratory, Inc)".
					Changed name from "Nick Martin (Design Laboratory Inc)" to "Nick Martin (Design Laboratory, Inc)".
					Removed name "Patrick Worthey (Design Laboratory Inc)".
					Changed name from "Pawan Panaganti (Design Laboratory Inc)" to "Pawan Panaganti (Design Laboratory, Inc)".
					Changed name from "Srini Viswanatham (Design Laboratory Inc)" to "Srini Viswanatham (Design Laboratory, Inc)".
					Changed name from "Tim Ross (Simplicity Consulting Inc)" to "Tim Ross (Simplicity Consulting, Inc)".
					Changed name from "Yuvaraj Duraisamy (Design Laboratory Inc)" to "Yuvaraj Duraisamy (Design Laboratory, Inc)".
					Added name "Forrest Wheeler (Insight Global, Inc)".
			Changed title:
				Unchanged field "title": "Business Managers".
				Changed field "names":
					Changed name from "Vanessa Dagnino (Simplicity Consulting Inc)" to "Vanessa Dagnino (Simplicity Consulting, Inc)".
			Changed title:
				Unchanged field "title": "Business Analysts".
				Changed field "names":
					Total name: 2 (+1, -0)
					Added name "Zheng Wang (Populus Group, LLC)".
			Changed title:
				Unchanged field "title": "Minecraft Content Coordinators".
				Changed field "names":
					Total name: 3 (+1, -0)
					Added name "Andreas Thomasson".
			Changed title:
				Unchanged field "title": "Program Manager".
				Changed field "names":
					Total name: 7 (+3, -0)
					Changed name from "Timothy J Ross (Simplicity Consulting Inc)" to "Timothy J Ross (Simplicity Consulting, Inc)".
					Added name "Gregory Walls (CompuCom Systems, Inc)".
					Added name "Liz Butowicz (Bluehawk LLC)".
					Added name "Mark Fredo (Aerotek, Inc)".
			Changed title:
				Unchanged field "title": "Head of Social Media".
				Changed field "names":
					Total name: 2 (+1, -0)
					Added name "Alice Löfgren".
			Changed title:
				Unchanged field "title": "Customer Support".
				Changed field "names":
					Total name: 42 (+14, -0)
					Changed name from "Andreas Jörgensen" to "Andrea Jörgensen".
					Added name "Antonia Kousathana".
					Added name "Ellie Ashrafi".
					Added name "Fredrik Sandström".
					Added name "Freja Fors".
					Added name "Isabell Ahron".
					Added name "Jeffrey Riendeau".
					Added name "Kyle McMurtry (TEKsystems, Inc)".
					Added name "Nasim Derakhshan".
					Added name "Nima Tolouifar".
					Added name "Patrik Södergren".
					Added name "Rui Ribero".
					Added name "Sarah Mårtensson".
					Added name "Valérie Beaubien".
					Added name "Viktor Persson".
			Changed title:
				Unchanged field "title": "Marketing Manager".
				Changed field "names":
					Total name: 5 (+1, -0)
					Added name "Gabi Ibarra (Simplicity Consulting, Inc)".
			Changed title:
				Unchanged field "title": "Intellectual Property Enforcement Agents".
				Changed field "names":
					Total name: 4 (+2, -0)
					Added name "Johan Hedlund".
					Added name "Sylvia Chen".
			Changed title:
				Unchanged field "title": "Development Partner: Skybox".
				Changed field "names":
					Total name: 48 (+10, -23)
					Removed name "Carsten Hooker".
					Removed name "Cody Clattenburg".
					Removed name "Daniel Shim".
					Removed name "Glen Conolly".
					Removed name "Ivan Yemelianov".
					Removed name "Jake Roman-Barnes".
					Changed name from "Jay Luo" to "Jun Luo".
					Removed name "Jeffery Chou".
					Removed name "Jonathan Yim".
					Removed name "Jordan Lacey".
					Removed name "Kyle Roblin".
					Removed name "Leo Stark".
					Removed name "Matheus Depra Gudergues".
					Removed name "Max Fanning".
					Removed name "Mitch Filmer".
					Removed name "Reynald Brassard".
					Removed name "Richard Hawkes".
					Removed name "Richard Walker".
					Removed name "Shaun Foley".
					Removed name "Stefan Sarnev".
					Removed name "Thiago Braga".
					Removed name "Tim Bruecker".
					Removed name "Ty Lauriente".
					Removed name "Tyler Da Costa".
					Added name "Alex MacKay".
					Added name "Alfonso Muñoz".
					Added name "Amandeep Malhi".
					Added name "Arta Seify".
					Added name "Sam Martens".
					Added name "Shiva Gupta".
					Added name "Steven Wong".
					Added name "Tina Dhaliwal".
					Added name "Vivian Ortenzi".
					Added name "Zike Wu".
			Added title:
				field "title": "Head of Games"
				field "names": name "Patrick Liu"
			Added title:
				field "title": "Narrative Design"
				field "names": name "Max Herngren"
			Added title:
				field "title": "Technical Director Games"
				field "names":
					name "Jason Major"
					name "Kristoffer Jelbring"
			Added title:
				field "title": "Lead Game Developers"
				field "names":
					name "Niklas Börestam"
					name "Piotr Kundu"
			Added title:
				field "title": "Launcher Developers"
				field "names":
					name "Andrew Hewitson"
					name "Linus Cumselius"
					name "Marc Neander"
					name "Martin Hesselborn"
					name "Michael Malmqvist"
					name "Mikael Malmqvist"
			Added title:
				field "title": "Engineering Manager"
				field "names": name "Wenlan Yang"
			Added title:
				field "title": "Artists"
				field "names":
					name "Erin Caswell (eXcell, a division of CompuCom)"
					name "Lilei Yu (Collabera)"
			Added title:
				field "title": "Lead Technical Artist"
				field "names": name "Lisa Hazen"
			Added title:
				field "title": "Technical Artist"
				field "names": name "Dylan Piepenbrok"
			Added title:
				field "title": "Lead Graphic Designers"
				field "names": name "Christine Gutierrez"
			Added title:
				field "title": "Crganizational Coaches"
				field "names": name "Marie Stålkrantz"
			Added title:
				field "title": "Technical Writer"
				field "names":
					name "Jeff Kim (Insight Global, Inc)"
					name "Nate Mackie (TEKsystems, Inc)"
			Added title:
				field "title": "Head of Creative Communications"
				field "names": name "Thomas Wiborgh"
			Added title:
				field "title": "Director of Brand"
				field "names": name "Jonathan Symington"
			Added title:
				field "title": "Head of Creative Production"
				field "names": name "Katharina Hautz"
			Added title:
				field "title": "Automation Support"
				field "names":
					name "Sean Connolly (Insight Global, Inc)"
					name "Matthew Gustaff (Digital Intelligence Systems, LLC)"
			Added title:
				field "title": "IT"
				field "names":
					name "Daniel Miller (Insight Global, Inc)"
					name "Carl Johan Svärd"
					name "Dolly MacKwan"
					name "Fabian Norlin"
			Added title:
				field "title": "Directors of Business Management"
				field "names": name "Stephen McHugh"
			Added title:
				field "title": "Data Engineering"
				field "names": name "Sachin Dekate (Design Laboratory, Inc)"
			Added title:
				field "title": "Media Director"
				field "names": name "Hans Abrahamsson"
			Added title:
				field "title": "Customer Support Lead"
				field "names": name "Mattias Victorin"
			Added title:
				field "title": "Lead Producer - Brand Experience"
				field "names": name "Karim Walldén"
			Added title:
				field "title": "Communication Manager"
				field "names": name "John Schork"
			Added title:
				field "title": "Assembly Media Inc."
				field "names":
					name "Alli Cohen"
					name "Christian Delgado"
					name "Jessie Steinberg"
					name "Richard Chen"
			Added title:
				field "title": "HR Administrator"
				field "names":
					name "Charlie Bjurström"
					name "Petra Stenqvist"
			Added title:
				field "title": "HR Advisor"
				field "names": name "Viktoria Petersson"
			Added title:
				field "title": "Sourcer"
				field "names": name "Sofia Andersson"
			Added title:
				field "title": "Senior Recruiter"
				field "names": name "Tove Oldebäck"
			Added title:
				field "title": "Recruiters"
				field "names":
					name "Aimée Narfström"
					name "Ida Utterström"
			Added title:
				field "title": "Creative Communications Editor"
				field "names":
					name "Marsh Davies"
					name "Tom Stone"
			Added title:
				field "title": "Cloud Computing Engineer"
				field "names": name "Dolly Mackwan"
			Added title:
				field "title": "Support Team Lead"
				field "names": name "Mattias Jacob Victorin"
			Added title:
				field "title": "Consumer Products Designer"
				field "names": name "Kelsey Ranallo"
			Added title:
				field "title": "Web Design"
				field "names": name "Taylor Kasony (eXcell, a division of CompuCom)"
			Added title:
				field "title": "Quality Manager"
				field "names": name "Rob Straavaldson"
			Added title:
				field "title": "Development Partner: Virtuosity"
				field "names": name "Shanthi Kanchibhotla (Virtuosity)"
			Added title:
				field "title": "Front of House"
				field "names": name "Adam Blänning"
			Added title:
				field "title": "Product Owner"
				field "names": name "Johannes Söderberg"
			Added title:
				field "title": "Technical Audio Developer"
				field "names": name "Jonatan Crafoord"
			Added title:
				field "title": "Senior Financial Accountant"
				field "names": name "Natalie Levinsson"
			Added title:
				field "title": "Social Media Manager"
				field "names": name "Natascha Cox"