Difference of "credits" between "1.20-pre5" (pre-release of "1.20") and "1.20-pre6" (pre-release of "1.20").

Changed resource pack "minecraft":
	Changed section:
		Changed field "disciplines":
			Changed discipline:
				Changed field "titles":
					Changed title:
						Changed field "names":
							Changed name from "Jeffrey Carlo (Apex Systems, Inc.)" to "Jeffrey Carlo (Apex Systems, Inc)".
					Changed title:
						Changed field "names":
							Changed name from "Joseph Panaccione (Apex Systems, Inc.)" to "Joseph Panaccione (Apex Systems, Inc)".
					Changed title:
						Changed field "names":
							Changed name from "Aqsa Rauf (Apex Systems, Inc.)" to "Aqsa Rauf (Apex Systems, Inc)".
			Changed discipline:
				Changed field "titles":
					Changed title:
						Changed field "names":
							Changed name from "Dan Coronel (Apex Systems, Inc.)" to "Dan Coronel (Apex Systems, Inc)".
			Changed discipline:
				Changed field "titles":
					Changed title:
						Changed field "names":
							Changed name from "David Heller (Kelly Mitchell Group)" to "David Heller (KellyMitchell Group, Inc)".
			Changed discipline:
				Changed field "titles":
					Changed title:
						Changed field "names":
							Changed name from "Ryan Eng (Aerotek US)" to "Ryan Eng (Aerotek, Inc)".
					Changed title:
						Changed field "names":
							Changed name from "Mary Elizabeth Pearson (Apex Systems, Inc.)" to "Mary Elizabeth Pearson (Apex Systems, Inc)".
							Changed name from "Monica Burba (Apex Systems, Inc.)" to "Monica Burba (Apex Systems, Inc)".
			Changed discipline:
				Changed field "titles":
					Changed title:
						Changed field "names":
							Changed name from "Anthony Toczek (Apex Systems, Inc.)" to "Anthony Toczek (Apex Systems, Inc)".
							Changed name from "Jeremy Chan (Aerotek US)" to "Jeremy Chan (Aerotek, Inc)".
					Changed title:
						Changed field "names":
							Changed name from "Mike Munschy (Apex Systems, Inc.)" to "Mike Munschy (Apex Systems, Inc)".
	Changed section:
		Changed field "disciplines":
			Changed discipline:
				Changed field "titles":
					Changed title:
						Changed field "names":
							Changed name from "Justin Ice (Pivotal Consulting)" to "Justin Ice (Pivotal Consulting, LLC)".
					Changed title:
						Changed field "names":
							Changed name from "Carson Letang (Insight Global, Inc.)" to "Carson Letang (Insight Global, Inc)".
	Changed section:
		Changed field "disciplines":
			Changed discipline:
				Changed field "titles":
					Changed title:
						Changed field "names":
							Total name: 196 (+0, -2)
							Removed name "Dartangan Jackson (Ascendion, Inc.)".
							Changed name from "Evelyn Collier (Insight Global)" to "Evelyn Collier (Insight Global, Inc)".
							Changed name from "Geof Sawaya (Collabera)" to "Geof Sawaya (Collabera, LLC)".
							Changed name from "Joshua Owens (Collabera)" to "Joshua Owens (Collabera, LLC)".
							Changed name from "Lucas Carpenter (Collabera)" to "Lucas Carpenter (Collabera, LLC)".
							Changed name from "Mark Rowland (Collabera)" to "Mark Rowland (Collabera, LLC)".
							Changed name from "Robert Thresher (Collabera)" to "Robert Thresher (Collabera, LLC)".
							Changed name from "Ryan Seaman (Collabera)" to "Ryan Seaman (Collabera, LLC)".
							Removed name "Thomas Guimbretiére".
							Changed name from "Tomas Guimbretière" to "Thomas Guimbretière".
					Changed title:
						Changed field "names":
							Changed name from "Dayana Sharshukova (Aquent LLC)" to "Dayana Sharshukova (Aquent, LLC)".
							Changed name from "William C Meyer (Pivotal Consulting LLC)" to "William C Meyer (Pivotal Consulting, LLC)".
					Changed title:
						Changed field "names":
							Changed name from "Robert Williamson (Apex Systems, Inc.)" to "Robert Williamson (Apex Systems, Inc)".
					Changed title:
						Changed field "names":
							Changed name from "Branden Brushett (Aquent LLC)" to "Branden Brushett (Aquent, LLC)".
							Changed name from "Jules Norcross (Aquent LLC)" to "Jules Norcross (Aquent, LLC)".
							Changed name from "Kailey Hara (Aquent LLC)" to "Kailey Hara (Aquent, LLC)".
							Changed name from "Lilei Yu (Collabera)" to "Lilei Yu (Collabera, LLC)".
					Changed title:
						Changed field "names":
							Changed name from "Johnny Cocks (Collabera)" to "Johnny Cocks (Collabera, LLC)".
					Changed title:
						Changed field "names":
							Changed name from "Cyrus Rustomji (Kelly Mitchell Group)" to "Cyrus Rustomji (KellyMitchell Group, Inc)".
							Changed name from "Joseph Bushagour (Kelly Mitchell Group)" to "Joseph Bushagour (KellyMitchell Group, Inc)".
							Changed name from "Megan Henry (Kelly Mitchell Group)" to "Megan Henry (KellyMitchell Group, Inc)".
							Changed name from "Tejasvini Deshpande (Kelly Mitchell Group)" to "Tejasvini Deshpande (KellyMitchell Group, Inc)".
					Changed title:
						Changed field "names":
							Changed name from "David Ramos (Collabera)" to "David Ramos (Collabera, LLC)".
	Changed section:
		Changed field "disciplines":
			Changed discipline:
				Changed field "titles":
					Changed title:
						Changed field "names":
							Changed name from "Leon Langston (Insight Global, Inc.)" to "Leon Langston (Insight Global, Inc)".
					Changed title:
						Changed field "names":
							Changed name from "Casper Sparks (Insight Global, Inc.)" to "Casper Sparks (Insight Global, Inc)".