Difference of "credits" between "1.17.20.21" (beta of "1.17.30") and "1.17.20.22" (beta of "1.17.30").

Changed section "Audio":
	Unchanged field "section": "Audio"
	Changed field "titles":
		Changed title "Music composed by":
			Unchanged field "title": "Music composed by"
			Changed field "names":
				Total name: 2 (+1, -0)
				Added name "Daniel Rosenfeld".
Changed section "Brand Creative":
	Unchanged field "section": "Brand Creative"
	Changed field "titles":
		Changed title "Art Directors":
			Unchanged field "title": "Art Directors"
			Changed field "names":
				Total name: 4 (+4, -4)
				Added name "Johan Aronsson".
				Removed name "Johan Aronsson​".
				Added name "Ninni Landin".
				Removed name "Ninni Landin​".
				Added name "Ola Lanteli".
				Removed name "Ola Lanteli​".
				Added name "Wiktor Persson".
				Removed name "Wiktor Persson​".
		Changed title "Art Lead Events":
			Unchanged field "title": "Art Lead Events"
			Changed field "names":
				Total name: 1 (+1, -1)
				Added name "Amanda Ström".
				Removed name "Amanda Ström​".
		Changed title "Art Lead Social":
			Unchanged field "title": "Art Lead Social"
			Changed field "names":
				Total name: 1 (+1, -1)
				Added name "Seung Sung".
				Removed name "Seung Sung​".
		Changed title "Brand Art Director":
			Unchanged field "title": "Brand Art Director"
			Changed field "names":
				Total name: 1 (+1, -1)
				Added name "Martin Johansson".
				Removed name "Martin Johansson​".
		Moved title "Brand Assurance Manager" to "Brand Assurance Managers".
		Changed title "Brand Assurance Managers":
			Changed field "title" from "Brand Assurance Manager" to "Brand Assurance Managers".
Changed section "Business & Licensing":
	Unchanged field "section": "Business & Licensing"
	Changed field "titles":
		Moved title "Content Coordinators" to "Content Coordinator".
		Changed title "Content Coordinator":
			Changed field "title" from "Content Coordinators" to "Content Coordinator".
			Changed field "names":
				Total name: 1 (+0, -1)
				Removed name "Matthew Dryden".
		Changed title "Program Managers":
			Unchanged field "title": "Program Managers"
			Changed field "names":
				Total name: 14 (+1, -1)
				Added name "Mark Fredo (Aerotek Inc)".
				Removed name "Mark Fredo (Aerotek Inc.)".
Changed section "Communications":
	Unchanged field "section": "Communications"
	Changed field "titles":
		Changed title "Web Content Manager":
			Unchanged field "title": "Web Content Manager"
			Changed field "names":
				Total name: 1 (+1, -1)
				Removed name "Joe Corrigan (Ten Gun Design Inc)".
				Added name "Joe Corrigan (Ten Gun Design, Inc)".
		Changed title "Web Design":
			Unchanged field "title": "Web Design"
			Changed field "names":
				Total name: 2 (+1, -1)
				Removed name "Paul Madlon (Ten Gun Design Inc)".
				Added name "Paul Madlon (Ten Gun Design, Inc)".
Changed section "Design":
	Unchanged field "section": "Design"
	Changed field "titles":
		Moved title "Chief Creative Officer" to "Chief Creative Officers".
		Changed title "Chief Creative Officers":
			Changed field "title" from "Chief Creative Officer" to "Chief Creative Officers".
		Moved title "Game Directors" to "Game Director".
		Changed title "Game Director":
			Changed field "title" from "Game Directors" to "Game Director".
Changed section "Development Partner: Disbelief":
	Unchanged field "section": "Development Partner: Disbelief"
	Changed field "titles":
		Total title: 5 (+5, -1)
		Removed title "":
			field "title": ""
			field "names":
				name: "Eric Nguyen"
				name: "Grue Robinson"
				name: "Tim Hagberg"
		Added title "CTO":
			field "title": "CTO"
			field "names": name: "Steve Anichini"
		Added title "President":
			field "title": "President"
			field "names": name: "Steve Ellmore"
		Added title "Producer":
			field "title": "Producer"
			field "names": name: "Grue Robinson"
		Added title "Programmer":
			field "title": "Programmer"
			field "names": name: "Eric Nguyen"
		Added title "Senior Programmer":
			field "title": "Senior Programmer"
			field "names": name: "Tim Hagberg"
Moved section "Development Partner: Lionbridge
Quality - Poland Team" to "Development Partner: Lionbridge Quality - Poland Team".
Changed section "Development Partner: Lionbridge Quality - Poland Team":
	Changed field "section" from "Development Partner: Lionbridge
Quality - Poland Team" to "Development Partner: Lionbridge Quality - Poland Team".
	Changed field "titles":
		Changed title "Compliance Test Associates":
			Unchanged field "title": "Compliance Test Associates"
			Changed field "names":
				Total name: 14 (+0, -1)
				Removed name "Adrianna Zalewska (Lionbridge)".
		Changed title "Test Associates":
			Unchanged field "title": "Test Associates"
			Changed field "names":
				Total name: 142 (+0, -3)
				Removed name "Nijat Aghamali (Lionbridge)".
				Removed name "Sandra Meister (Lionbridge)".
				Removed name "Sebastian Polanica (Lionbridge)".
Changed section "Development Partner: Red Lens Games":
	Unchanged field "section": "Development Partner: Red Lens Games"
	Changed field "titles":
		Changed title "Software Engineers":
			Unchanged field "title": "Software Engineers"
			Changed field "names":
				Total name: 9 (+0, -1)
				Removed name "Allie Murdock".
Changed section "Development Partner: Skybox":
	Unchanged field "section": "Development Partner: Skybox"
	Changed field "titles":
		Changed title "":
			Unchanged field "title": ""
			Changed field "names":
				Total name: 55 (+0, -25)
				Removed name "Blair Hitchens".
				Removed name "Carsten Hooker".
				Removed name "Chris Klassen".
				Removed name "Cody Clattenburg".
				Removed name "Daniel Shim".
				Removed name "Glen Conolly".
				Removed name "Ivan Yemelianov".
				Removed name "Jake Roman-Barnes".
				Removed name "Jonathan Yim".
				Removed name "Jordan Lacey".
				Removed name "Justin Moon".
				Removed name "Kyle Roblin".
				Removed name "Matheus Depra Gudergues".
				Removed name "Max Fanning".
				Removed name "Mitch Filmer".
				Removed name "Reynald Brassard".
				Removed name "Richard Hawkes".
				Removed name "Richard Walker".
				Removed name "Shaun Foley".
				Removed name "Stefan Sarnev".
				Removed name "Steven Silvester".
				Removed name "Thiago Braga".
				Removed name "Tim Bruecker".
				Removed name "Ty Lauriente".
				Removed name "Tyler Da Costa".
Changed section "Development Partner: Virtuosity":
	Unchanged field "section": "Development Partner: Virtuosity"
	Changed field "titles":
		Total title: 2 (+0, -1)
		Changed title "Game Developers":
			Unchanged field "title": "Game Developers"
			Changed field "names":
				Total name: 16 (+0, -1)
				Removed name "Barani Dharan (Virtuosity)".
		Removed title "Release Manager":
			field "title": "Release Manager"
			field "names": name: "Brogan Irwin (Virtuosity)"
Changed section "Marketing":
	Unchanged field "section": "Marketing"
	Changed field "titles":
		Changed title "Marketing Managers":
			Unchanged field "title": "Marketing Managers"
			Changed field "names":
				Total name: 13 (+1, -1)
				Removed name "Melissa Jenkins (Ten Gun Design)".
				Added name "Melissa Jenkins (Ten Gun Design, Inc)".
Changed section "Mojang Alumni":
	Unchanged field "section": "Mojang Alumni"
	Changed field "titles":
		Total title: 68 (+0, -1)
		Changed title "Artists":
			Unchanged field "title": "Artists"
			Changed field "names":
				Total name: 9 (+1, -1)
				Removed name "Amanda Cook (HARVEY NASH INC)".
				Added name "Amanda Cook (Harvey Nash)".
		Changed title "Game Designers":
			Unchanged field "title": "Game Designers"
			Changed field "names":
				Total name: 4 (+2, -2)
				Removed name "Colten Murphy (TEKsystems)".
				Added name "Colten Murphy (TEKsystems, Inc)".
				Removed name "Jesse A Hibbs (TEKsystems)".
				Added name "Jesse A Hibbs (TEKsystems, Inc)".
		Changed title "Game Developers":
			Unchanged field "title": "Game Developers"
			Changed field "names":
				Total name: 44 (+6, -4)
				Removed name "Alexander Kandalaft (Insight Global Inc)".
				Added name "Alexander Kandalaft (Insight Global, Inc)".
				Removed name "Emily Rizzo (Insight Global Inc)".
				Added name "Emily Rizzo (Insight Global, Inc)".
				Added name "Josh Letellier".
				Added name "Kristoffer Kobosko".
				Removed name "Michael Klopfenstein (Insight Global Inc)".
				Added name "Michael Klopfenstein (Insight Global, Inc)".
				Removed name "Rui Xie (Insight Global Inc)".
				Added name "Rui Xie (Insight Global, Inc)".
		Changed title "Graphic Artists":
			Unchanged field "title": "Graphic Artists"
			Changed field "names":
				Total name: 3 (+1, -1)
				Removed name "Jerica Harada (TEKsystems)".
				Added name "Jerica Harada (TEKsystems, Inc)".
		Removed title "Launcher Developers":
			field "title": "Launcher Developers"
			field "names": name: "Linus Cumselius"
		Changed title "Producers":
			Unchanged field "title": "Producers"
			Changed field "names":
				Total name: 24 (+1, -2)
				Removed name "Anthony Hanses (Insight Global Inc)".
				Added name "Anthony Hanses (Insight Global, Inc)".
				Removed name "Marie Stålkrantz".
		Changed title "Software Developers":
			Unchanged field "title": "Software Developers"
			Changed field "names":
				Total name: 18 (+3, -4)
				Removed name "Arend Danielek (TEKsystems)".
				Added name "Arend Danielek (TEKsystems, Inc)".
				Removed name "David “Lion” Kimbro (Insight Global Inc)".
				Added name "David “Lion” Kimbro (Insight Global, Inc)".
				Removed name "Jeffrey J Jou (Insight Global Inc)".
				Added name "Jeffrey J Jou (Insight Global, Inc)".
				Removed name "Roman Timurson (Insight Global Inc)".
		Changed title "Software Engineers":
			Unchanged field "title": "Software Engineers"
			Changed field "names":
				Total name: 3 (+0, -1)
				Removed name "John Estess (Randstad)".
		Changed title "UI Developers":
			Unchanged field "title": "UI Developers"
			Changed field "names":
				Total name: 6 (+2, -0)
				Added name "Anna Päärni".
				Added name "Emil Hedemalm".
Changed section "Operations":
	Unchanged field "section": "Operations"
	Changed field "titles":
		Changed title "Automation Support":
			Unchanged field "title": "Automation Support"
			Changed field "names":
				Total name: 6 (+1, -1)
				Added name "Jordan Crockett (TEKsystems, Inc)".
				Removed name "Jordan Crockett (TEKsystems)".
		Changed title "IT":
			Unchanged field "title": "IT"
			Changed field "names":
				Total name: 8 (+1, -1)
				Removed name "Daniel Miller (Insight Global Inc)".
				Added name "Daniel Miller (Insight Global, Inc)".
Changed section "Player Operations":
	Unchanged field "section": "Player Operations"
	Changed field "titles":
		Changed title "Customer Support":
			Unchanged field "title": "Customer Support"
			Changed field "names":
				Total name: 1 (+1, -1)
				Removed name "Kyle McMurtry (TEKsystems)".
				Added name "Kyle McMurtry (TEKsystems, Inc)".
Changed section "Production":
	Unchanged field "section": "Production"
	Changed field "titles":
		Changed title "Producers":
			Unchanged field "title": "Producers"
			Changed field "names":
				Total name: 40 (+2, -3)
				Added name "Chris Massena (Insight Global, Inc)".
				Removed name "Chris Messena (Insight Global, Inc)".
				Removed name "Dev Hazarika".
				Removed name "Emily Carlson (Insight Global Inc)".
				Added name "Emily Carlson (Insight Global, Inc)".
		Moved title "Quality Engineers" to "Quality Engineer".
		Changed title "Quality Engineer":
			Changed field "title" from "Quality Engineers" to "Quality Engineer".
Changed section "Programming":
	Unchanged field "section": "Programming"
	Changed field "titles":
		Total title: 19 (+1, -0)
		Changed title "Bedrock Software Developers":
			Unchanged field "title": "Bedrock Software Developers"
			Changed field "names":
				Total name: 68 (+2, -2)
				Added name "Alex Wouters (Insight Global, Inc)".
				Removed name "Alex Wouters (Insight Global, Inc)".
				Added name "Ying Guo (TEKsystems, Inc)".
				Removed name "Ying Guo (TEKsystems, Inc.)".
		Changed title "Game Developers":
			Unchanged field "title": "Game Developers"
			Changed field "names":
				Total name: 32 (+1, -2)
				Removed name "Harald Johansson".
				Removed name "Josh Letellier".
				Added name "Oscar Åkesson".
		Changed title "Launcher Developers":
			Unchanged field "title": "Launcher Developers"
			Changed field "names":
				Total name: 5 (+0, -3)
				Removed name "Petr Mrázek".
				Removed name "Rasmus Källqvist".
				Removed name "Sandra Bornemark".
		Changed title "Lead System Engineers":
			Unchanged field "title": "Lead System Engineers"
			Changed field "names":
				Total name: 2 (+0, -1)
				Removed name "Torbjörn Allard".
		Changed title "Lead UI Developers":
			Unchanged field "title": "Lead UI Developers"
			Changed field "names":
				Total name: 3 (+1, -0)
				Added name "Eric Grimsborn".
		Moved title "Lead Wed Developers" to "Lead Web Developers".
		Changed title "Lead Web Developers":
			Changed field "title" from "Lead Wed Developers" to "Lead Web Developers".
		Added title "Minecraft Tooling":
			field "title": "Minecraft Tooling"
			field "names":
				name: "Jose Carlos Bellido"
				name: "Petr Mrázek"
				name: "Torbjörn Allard"
		Changed title "Realms Software Engineers":
			Unchanged field "title": "Realms Software Engineers"
			Changed field "names":
				Total name: 2 (+1, -1)
				Removed name "Roman Timurson (Insight Global Inc)".
				Added name "Roman Timurson (Insight Global, Inc)".
		Changed title "Service Software Engineers":
			Unchanged field "title": "Service Software Engineers"
			Changed field "names":
				Total name: 23 (+0, -1)
				Removed name "Anders Martini".
		Changed title "UI Developers":
			Unchanged field "title": "UI Developers"
			Changed field "names":
				Total name: 9 (+3, -3)
				Removed name "Anna Päärni".
				Removed name "Emil Hedemalm".
				Removed name "Eric Grimsborn".
				Added name "Mohamed Fouad".
				Added name "Rasmus Källqvist".
				Added name "Vitalii Sych".
Changed section "Quality - UK Team":
	Unchanged field "section": "Quality - UK Team"
	Changed field "titles":
		Changed title "Compliance Test Engineer":
			Unchanged field "title": "Compliance Test Engineer"
			Changed field "names":
				Total name: 2 (+1, -1)
				Removed name "Lee-Roy Dunn (Lionbridge".
				Added name "Lee-Roy Dunn (Lionbridge)".
Changed section "Special Thanks":
	Unchanged field "section": "Special Thanks"
	Changed field "titles":
		Changed title "Albert Pastore - Director of Business Development, Music and Talent":
			Unchanged field "title": "Albert Pastore - Director of Business Development, Music and Talent"
			Changed field "names":
				Total name: 12 (+1, -1)
				Removed name "Stephanie Golden (Insight Global Inc) – Account Manager".
				Added name "Stephanie Golden (Insight Global, Inc) – Account Manager".
Changed section "Studios Quality Alumni":
	Unchanged field "section": "Studios Quality Alumni"
	Changed field "titles":
		Changed title "Lionbridge":
			Unchanged field "title": "Lionbridge"
			Changed field "names":
				Total name: 73 (+1, -1)
				Added name "Nijat Aghamali (Lionbridge)".
				Removed name "Nijat Aghamali  (Lionbridge)".
		Changed title "US Team - Software Test Engineering Leads":
			Unchanged field "title": "US Team - Software Test Engineering Leads"
			Changed field "names":
				Total name: 1 (+1, -1)
				Removed name "Chris James (Insight Global Inc)".
				Added name "Chris James (Insight Global, Inc)".
		Changed title "US Team - Software Test Engineers":
			Unchanged field "title": "US Team - Software Test Engineers"
			Changed field "names":
				Total name: 6 (+4, -4)
				Removed name "Brendan McElroy (Insight Global Inc)".
				Added name "Brendan McElroy (Insight Global, Inc)".
				Removed name "Crystal Edwards (Insight Global Inc)".
				Added name "Crystal Edwards (Insight Global, Inc)".
				Removed name "Dan Parker (Insight Global Inc)".
				Added name "Dan Parker (Insight Global, Inc)".
				Removed name "Isaac Dudley (Insight Global Inc)".
				Added name "Isaac Dudley (Insight Global, Inc)".
Changed section "Studios Quality Team - US Teams":
	Unchanged field "section": "Studios Quality Team - US Teams"
	Changed field "titles":
		Changed title "Software Test Engineers":
			Unchanged field "title": "Software Test Engineers"
			Changed field "names":
				Total name: 14 (+1, -2)
				Removed name "Dan Parker (Insight Global Inc)".
				Removed name "Norah Hogoboom (Insight Global Inc)".
				Added name "Norah Hogoboom (Insight Global, Inc)".
		Changed title "Special Thanks":
			Unchanged field "title": "Special Thanks"
			Changed field "names":
				Total name: 15 (+1, -2)
				Removed name "Brian Canning (Experis)".
				Added name "Brian Canning (Experis) – Test Manager, Tempe".
				Removed name "Brian Canning (Experis) – Test Manager, Tempe (Alumni".
		Changed title "Test Associates":
			Unchanged field "title": "Test Associates"
			Changed field "names":
				Total name: 12 (+2, -2)
				Removed name "Jocylyn Engstrom (EXPERIS)".
				Added name "Jocylyn Engstrom (Experis)".
				Removed name "Jonathon Ervin (EXPERIS)".
				Added name "Jonathon Ervin (Experis)".
		Changed title "Test Manager":
			Unchanged field "title": "Test Manager"
			Changed field "names":
				Total name: 1 (+1, -1)
				Added name "Tom Dieterich (Experis) - Test Manager, Tempe".
				Removed name "Tom Dieterich (Experis) - Test Manager, Tempe".
Changed section "User Experience":
	Unchanged field "section": "User Experience"
	Changed field "titles":
		Changed title "User Experience Designers":
			Unchanged field "title": "User Experience Designers"
			Changed field "names":
				Total name: 7 (+2, -1)
				Added name "Florian Decupper".
				Removed name "Tom Keen (TEKsystems)".
				Added name "Tom Keen (TEKsystems, Inc)".
Changed section "Visual Arts":
	Unchanged field "section": "Visual Arts"
	Changed field "titles":
		Changed title "Artists":
			Unchanged field "title": "Artists"
			Changed field "names":
				Total name: 15 (+2, -2)
				Removed name "Jei G Ling (Allegis Group Services Inc)".
				Added name "Jei G Ling (Allegis Group Services, Inc)".
				Removed name "Linus Chan (TEKsystems Inc)".
				Added name "Linus Chan (TEKsystems, Inc)".
		Changed title "Graphic Designers":
			Unchanged field "title": "Graphic Designers"
			Changed field "names":
				Total name: 2 (+1, -1)
				Removed name "Adrian Leon (TEKsystems)".
				Added name "Adrian Leon (TEKsystems, Inc)".
		Moved title "Motion Graphics Designer" to "Motion Graphics Designers".
		Changed title "Motion Graphics Designers":
			Changed field "title" from "Motion Graphics Designer" to "Motion Graphics Designers".
			Changed field "names":
				Total name: 3 (+2, -2)
				Removed name "Brandon Korvas (TEN GUN DESIGN INC)".
				Added name "Brandon Korvas (Ten Gun Design, Inc)".
				Removed name "Lauren Kohler (TEKsystems Inc)".
				Added name "Lauren Kohler (TEKsystems, Inc)".