Difference of "entities_client" between "1.20.0.21" (beta of "1.20.0") and "1.20.0.22" (beta of "1.20.0").

Changed entity "decorated_pot.entity":
	Changed resource pack "core":
		Changed field "minecraft:client_entity":
			Changed field "description":
				Unchanged field "identifier": "minecraft:decorated_pot"
				Changed field "textures":
					Moved texture "angler_pottery_shard" to "angler_pottery_sherd".
					Moved texture "archer_pottery_shard" to "archer_pottery_sherd".
					Moved texture "arms_up_pottery_shard" to "arms_up_pottery_sherd".
					Moved texture "blade_pottery_shard" to "blade_pottery_sherd".
					Moved texture "brewer_pottery_shard" to "brewer_pottery_sherd".
					Moved texture "burn_pottery_shard" to "burn_pottery_sherd".
					Moved texture "danger_pottery_shard" to "danger_pottery_sherd".
					Moved texture "explorer_pottery_shard" to "explorer_pottery_sherd".
					Moved texture "friend_pottery_shard" to "friend_pottery_sherd".
					Moved texture "heart_pottery_shard" to "heart_pottery_sherd".
					Moved texture "heartbreak_pottery_shard" to "heartbreak_pottery_sherd".
					Moved texture "howl_pottery_shard" to "howl_pottery_sherd".
					Moved texture "miner_pottery_shard" to "miner_pottery_sherd".
					Moved texture "mourner_pottery_shard" to "mourner_pottery_sherd".
					Moved texture "plenty_pottery_shard" to "plenty_pottery_sherd".
					Moved texture "prize_pottery_shard" to "prize_pottery_sherd".
					Moved texture "sheaf_pottery_shard" to "sheaf_pottery_sherd".
					Moved texture "shelter_pottery_shard" to "shelter_pottery_sherd".
					Moved texture "skull_pottery_shard" to "skull_pottery_sherd".
					Moved texture "snort_pottery_shard" to "snort_pottery_sherd".