Difference of "textures" between "13w23b-0101" (snapshot of "1.6.1") and "13w24a" (snapshot of "1.6.1").

Changed resource pack "minecraft":
	Total file: 862 (+8, -15)
	Moved file from "achievement/bg.png" to "gui/achievement/achievement_background.png".
	Moved file from "achievement/icons.png" to "gui/achievement/achievement_icons.png".
	Moved file from "armor/chain_1.png" to "models/armor/chainmail_layer_1.png".
	Moved file from "armor/chain_2.png" to "models/armor/chainmail_layer_2.png".
	Moved file from "armor/cloth_1.png" to "models/armor/leather_layer_1.png".
	Moved file from "armor/cloth_1_b.png" to "models/armor/leather_layer_1_overlay.png".
	Moved file from "armor/cloth_2.png" to "models/armor/leather_layer_2.png".
	Moved file from "armor/cloth_2_b.png" to "models/armor/leather_layer_2_overlay.png".
	Moved file from "armor/diamond_1.png" to "models/armor/diamond_layer_1.png".
	Moved file from "armor/diamond_2.png" to "models/armor/diamond_layer_2.png".
	Moved file from "armor/gold_1.png" to "models/armor/gold_layer_1.png".
	Moved file from "armor/gold_2.png" to "models/armor/gold_layer_2.png".
	Moved file from "armor/iron_1.png" to "models/armor/iron_layer_1.png".
	Moved file from "armor/iron_2.png" to "models/armor/iron_layer_2.png".
	Moved file from "armor/power.png" to "entity/creeper/creeper_armor.png".
	Moved file from "armor/witherarmor.png" to "entity/wither/wither_armor.png".
	Moved file from "art/kz.png" to "painting/paintings_kristoffer_zetterstrand.png".
	Removed file "environment/light_normal.png":
		field "sha1_hash": "04a61cc17688f67355204f184210dd031276b204"
		field "metadata":
			field "BitDepth": 8
			field "ColorType": "Palette"
			field "Compression": "Deflate/Inflate"
			field "FileSize": "1157 bytes"
			field "FileTypeExtension": "png"
			field "Filter": "Adaptive"
			field "Gamma": 2.2
			field "ImageHeight": 16
			field "ImageSize": "16x16"
			field "ImageWidth": 16
			field "Interlace": "Noninterlaced"
			field "MIMEType": "image/png"
			field "Megapixels": 0.000256
			field "Palette": "base64:AAAAAAEDAwIAAwMDAAMFAwUFAAYMAwgMCAYACAcDCAkFDgoADgsDDg0FCAwMAAoTAwwTAA8dDhAMAxEdCBATDhQTCBUdDhkdFQ8AFRADFRIFFRUMHhYAHhcDHhkFHhwMFRkTFR4dABUpAxcpCBspDh8pAB46HiATHiUdAyA6CCQ6Dig6FSQpHispFS06HjQ6Kh8AKiADKiIFKiUMKikTKi4dOCoAOCsDOC0FODAMODQTODkdKjQpKj06OD8pAClPAytPCC9PDjNPFThPHj9PADdoAzloCD1oOEg6DkFoFUZoHk1oKkhPOFNPKlZoOGFoSjcASjgDSjoFSj0MSkETSkYdSkwpSlU6YUgAYUkDYUsFYU4MYVITYVcdfF0AfF4DYV0pfGAFfGMMfGcTfGwdYWY6fHIpfHs6SmBPSm5oYXFPYX9oAEWEA0eECEuEDk+EFVSEHluEAFyuA16uCGKuDmauFWuuHnKuKmSEOG+EKnuuA3DSBnLSC3bSEXrSGH/SSnyEfIZPfJRoOIauEojxFYrxGo7xIYbSLY/SO5rSIJLxJ5fxMJ7xM57/NqD/PKfxO6T/SpOuYY2EfKKEYaSufLmuTafSQaj/SK3/SrLxUbT/XL/xXb3/ZLjSf83Sa8j/c9DxfdX/nHUAnHYDnHgFnHsMnH8TnIQdnIopnJM6nJ5PnKxowJABwJEEwJMGwJYNwJoUwJ8e36sQ36wT364V37EcwKUqwK4737Uj37otwLlQ38A5/8cg/8gj/8ol/80s/9Ez/9Y938lK39RfwMdp3+J4/9xJ/+Va//BvnLqEnNGun+XSjuXxlOb/rv3xr/v/wNWF3/CUwOyv3/++/+CC/+GF/+OH/+aO/+qV/++f//6I//Wr//+k//68w//Tz///0v/y///O///R4v/i///q8v/////y////AAAAAAAAAAAAAAAAAAAAAAAAAAAAAAAAAAAAAAAAAAAAAAAAAAAAAAAAAAAAAAAAAAAAAAAAAAAAAAAAAAAAAAAAAAAAAAAA"
			field "PixelUnits": "meters"
			field "PixelsPerUnitX": 3779
			field "PixelsPerUnitY": 3779
		field "PNG": null
	Removed file "environment/moon.png":
		field "sha1_hash": "1a608fa5cc4023ee7afe45ac64a4606909e616d0"
		field "metadata":
			field "BitDepth": 8
			field "ColorType": "RGB with Alpha"
			field "Compression": "Deflate/Inflate"
			field "FileSize": "860 bytes"
			field "FileTypeExtension": "png"
			field "Filter": "Adaptive"
			field "Gamma": 2.2
			field "ImageHeight": 32
			field "ImageSize": "32x32"
			field "ImageWidth": 32
			field "Interlace": "Noninterlaced"
			field "MIMEType": "image/png"
			field "Megapixels": 0.001
			field "PixelUnits": "meters"
			field "PixelsPerUnitX": 3779
			field "PixelsPerUnitY": 3779
		field "PNG": null
	Moved file from "font/alternate.png" to "font/ascii_sga.png".
	Moved file from "font/default.png" to "font/ascii.png".
	Moved file from "font/glyph_00.png" to "font/unicode_page_00.png".
	Moved file from "font/glyph_01.png" to "font/unicode_page_01.png".
	Moved file from "font/glyph_02.png" to "font/unicode_page_02.png".
	Moved file from "font/glyph_03.png" to "font/unicode_page_03.png".
	Moved file from "font/glyph_04.png" to "font/unicode_page_04.png".
	Moved file from "font/glyph_05.png" to "font/unicode_page_05.png".
	Moved file from "font/glyph_06.png" to "font/unicode_page_06.png".
	Moved file from "font/glyph_07.png" to "font/unicode_page_07.png".
	Moved file from "font/glyph_09.png" to "font/unicode_page_09.png".
	Moved file from "font/glyph_0A.png" to "font/unicode_page_0a.png".
	Moved file from "font/glyph_0B.png" to "font/unicode_page_0b.png".
	Moved file from "font/glyph_0C.png" to "font/unicode_page_0c.png".
	Moved file from "font/glyph_0D.png" to "font/unicode_page_0d.png".
	Moved file from "font/glyph_0E.png" to "font/unicode_page_0e.png".
	Moved file from "font/glyph_0F.png" to "font/unicode_page_0f.png".
	Moved file from "font/glyph_10.png" to "font/unicode_page_10.png".
	Moved file from "font/glyph_11.png" to "font/unicode_page_11.png".
	Moved file from "font/glyph_12.png" to "font/unicode_page_12.png".
	Moved file from "font/glyph_13.png" to "font/unicode_page_13.png".
	Moved file from "font/glyph_14.png" to "font/unicode_page_14.png".
	Moved file from "font/glyph_15.png" to "font/unicode_page_15.png".
	Moved file from "font/glyph_16.png" to "font/unicode_page_16.png".
	Moved file from "font/glyph_17.png" to "font/unicode_page_17.png".
	Moved file from "font/glyph_18.png" to "font/unicode_page_18.png".
	Moved file from "font/glyph_19.png" to "font/unicode_page_19.png".
	Moved file from "font/glyph_1A.png" to "font/unicode_page_1a.png".
	Moved file from "font/glyph_1B.png" to "font/unicode_page_1b.png".
	Moved file from "font/glyph_1C.png" to "font/unicode_page_1c.png".
	Moved file from "font/glyph_1D.png" to "font/unicode_page_1d.png".
	Moved file from "font/glyph_1E.png" to "font/unicode_page_1e.png".
	Moved file from "font/glyph_1F.png" to "font/unicode_page_1f.png".
	Moved file from "font/glyph_20.png" to "font/unicode_page_20.png".
	Moved file from "font/glyph_21.png" to "font/unicode_page_21.png".
	Moved file from "font/glyph_22.png" to "font/unicode_page_22.png".
	Moved file from "font/glyph_23.png" to "font/unicode_page_23.png".
	Moved file from "font/glyph_24.png" to "font/unicode_page_24.png".
	Moved file from "font/glyph_25.png" to "font/unicode_page_25.png".
	Moved file from "font/glyph_26.png" to "font/unicode_page_26.png".
	Moved file from "font/glyph_27.png" to "font/unicode_page_27.png".
	Moved file from "font/glyph_28.png" to "font/unicode_page_28.png".
	Moved file from "font/glyph_29.png" to "font/unicode_page_29.png".
	Moved file from "font/glyph_2A.png" to "font/unicode_page_2a.png".
	Moved file from "font/glyph_2B.png" to "font/unicode_page_2b.png".
	Moved file from "font/glyph_2C.png" to "font/unicode_page_2c.png".
	Moved file from "font/glyph_2D.png" to "font/unicode_page_2d.png".
	Moved file from "font/glyph_2E.png" to "font/unicode_page_2e.png".
	Moved file from "font/glyph_2F.png" to "font/unicode_page_2f.png".
	Moved file from "font/glyph_30.png" to "font/unicode_page_30.png".
	Moved file from "font/glyph_31.png" to "font/unicode_page_31.png".
	Moved file from "font/glyph_32.png" to "font/unicode_page_32.png".
	Moved file from "font/glyph_33.png" to "font/unicode_page_33.png".
	Moved file from "font/glyph_34.png" to "font/unicode_page_34.png".
	Moved file from "font/glyph_35.png" to "font/unicode_page_35.png".
	Moved file from "font/glyph_36.png" to "font/unicode_page_36.png".
	Moved file from "font/glyph_37.png" to "font/unicode_page_37.png".
	Moved file from "font/glyph_38.png" to "font/unicode_page_38.png".
	Moved file from "font/glyph_39.png" to "font/unicode_page_39.png".
	Moved file from "font/glyph_3A.png" to "font/unicode_page_3a.png".
	Moved file from "font/glyph_3B.png" to "font/unicode_page_3b.png".
	Moved file from "font/glyph_3C.png" to "font/unicode_page_3c.png".
	Moved file from "font/glyph_3D.png" to "font/unicode_page_3d.png".
	Moved file from "font/glyph_3E.png" to "font/unicode_page_3e.png".
	Moved file from "font/glyph_3F.png" to "font/unicode_page_3f.png".
	Moved file from "font/glyph_40.png" to "font/unicode_page_40.png".
	Moved file from "font/glyph_41.png" to "font/unicode_page_41.png".
	Moved file from "font/glyph_42.png" to "font/unicode_page_42.png".
	Moved file from "font/glyph_43.png" to "font/unicode_page_43.png".
	Moved file from "font/glyph_44.png" to "font/unicode_page_44.png".
	Moved file from "font/glyph_45.png" to "font/unicode_page_45.png".
	Moved file from "font/glyph_46.png" to "font/unicode_page_46.png".
	Moved file from "font/glyph_47.png" to "font/unicode_page_47.png".
	Moved file from "font/glyph_48.png" to "font/unicode_page_48.png".
	Moved file from "font/glyph_49.png" to "font/unicode_page_49.png".
	Moved file from "font/glyph_4A.png" to "font/unicode_page_4a.png".
	Moved file from "font/glyph_4B.png" to "font/unicode_page_4b.png".
	Moved file from "font/glyph_4C.png" to "font/unicode_page_4c.png".
	Moved file from "font/glyph_4D.png" to "font/unicode_page_4d.png".
	Moved file from "font/glyph_4E.png" to "font/unicode_page_4e.png".
	Moved file from "font/glyph_4F.png" to "font/unicode_page_4f.png".
	Moved file from "font/glyph_50.png" to "font/unicode_page_50.png".
	Moved file from "font/glyph_51.png" to "font/unicode_page_51.png".
	Moved file from "font/glyph_52.png" to "font/unicode_page_52.png".
	Moved file from "font/glyph_53.png" to "font/unicode_page_53.png".
	Moved file from "font/glyph_54.png" to "font/unicode_page_54.png".
	Moved file from "font/glyph_55.png" to "font/unicode_page_55.png".
	Moved file from "font/glyph_56.png" to "font/unicode_page_56.png".
	Moved file from "font/glyph_57.png" to "font/unicode_page_57.png".
	Moved file from "font/glyph_58.png" to "font/unicode_page_58.png".
	Moved file from "font/glyph_59.png" to "font/unicode_page_59.png".
	Moved file from "font/glyph_5A.png" to "font/unicode_page_5a.png".
	Moved file from "font/glyph_5B.png" to "font/unicode_page_5b.png".
	Moved file from "font/glyph_5C.png" to "font/unicode_page_5c.png".
	Moved file from "font/glyph_5D.png" to "font/unicode_page_5d.png".
	Moved file from "font/glyph_5E.png" to "font/unicode_page_5e.png".
	Moved file from "font/glyph_5F.png" to "font/unicode_page_5f.png".
	Moved file from "font/glyph_60.png" to "font/unicode_page_60.png".
	Moved file from "font/glyph_61.png" to "font/unicode_page_61.png".
	Moved file from "font/glyph_62.png" to "font/unicode_page_62.png".
	Moved file from "font/glyph_63.png" to "font/unicode_page_63.png".
	Moved file from "font/glyph_64.png" to "font/unicode_page_64.png".
	Moved file from "font/glyph_65.png" to "font/unicode_page_65.png".
	Moved file from "font/glyph_66.png" to "font/unicode_page_66.png".
	Moved file from "font/glyph_67.png" to "font/unicode_page_67.png".
	Moved file from "font/glyph_68.png" to "font/unicode_page_68.png".
	Moved file from "font/glyph_69.png" to "font/unicode_page_69.png".
	Moved file from "font/glyph_6A.png" to "font/unicode_page_6a.png".
	Moved file from "font/glyph_6B.png" to "font/unicode_page_6b.png".
	Moved file from "font/glyph_6C.png" to "font/unicode_page_6c.png".
	Moved file from "font/glyph_6D.png" to "font/unicode_page_6d.png".
	Moved file from "font/glyph_6E.png" to "font/unicode_page_6e.png".
	Moved file from "font/glyph_6F.png" to "font/unicode_page_6f.png".
	Moved file from "font/glyph_70.png" to "font/unicode_page_70.png".
	Moved file from "font/glyph_71.png" to "font/unicode_page_71.png".
	Moved file from "font/glyph_72.png" to "font/unicode_page_72.png".
	Moved file from "font/glyph_73.png" to "font/unicode_page_73.png".
	Moved file from "font/glyph_74.png" to "font/unicode_page_74.png".
	Moved file from "font/glyph_75.png" to "font/unicode_page_75.png".
	Moved file from "font/glyph_76.png" to "font/unicode_page_76.png".
	Moved file from "font/glyph_77.png" to "font/unicode_page_77.png".
	Moved file from "font/glyph_78.png" to "font/unicode_page_78.png".
	Moved file from "font/glyph_79.png" to "font/unicode_page_79.png".
	Moved file from "font/glyph_7A.png" to "font/unicode_page_7a.png".
	Moved file from "font/glyph_7B.png" to "font/unicode_page_7b.png".
	Moved file from "font/glyph_7C.png" to "font/unicode_page_7c.png".
	Moved file from "font/glyph_7D.png" to "font/unicode_page_7d.png".
	Moved file from "font/glyph_7E.png" to "font/unicode_page_7e.png".
	Moved file from "font/glyph_7F.png" to "font/unicode_page_7f.png".
	Moved file from "font/glyph_80.png" to "font/unicode_page_80.png".
	Moved file from "font/glyph_81.png" to "font/unicode_page_81.png".
	Moved file from "font/glyph_82.png" to "font/unicode_page_82.png".
	Moved file from "font/glyph_83.png" to "font/unicode_page_83.png".
	Moved file from "font/glyph_84.png" to "font/unicode_page_84.png".
	Moved file from "font/glyph_85.png" to "font/unicode_page_85.png".
	Moved file from "font/glyph_86.png" to "font/unicode_page_86.png".
	Moved file from "font/glyph_87.png" to "font/unicode_page_87.png".
	Moved file from "font/glyph_88.png" to "font/unicode_page_88.png".
	Moved file from "font/glyph_89.png" to "font/unicode_page_89.png".
	Moved file from "font/glyph_8A.png" to "font/unicode_page_8a.png".
	Moved file from "font/glyph_8B.png" to "font/unicode_page_8b.png".
	Moved file from "font/glyph_8C.png" to "font/unicode_page_8c.png".
	Moved file from "font/glyph_8D.png" to "font/unicode_page_8d.png".
	Moved file from "font/glyph_8E.png" to "font/unicode_page_8e.png".
	Moved file from "font/glyph_8F.png" to "font/unicode_page_8f.png".
	Moved file from "font/glyph_90.png" to "font/unicode_page_90.png".
	Moved file from "font/glyph_91.png" to "font/unicode_page_91.png".
	Moved file from "font/glyph_92.png" to "font/unicode_page_92.png".
	Moved file from "font/glyph_93.png" to "font/unicode_page_93.png".
	Moved file from "font/glyph_94.png" to "font/unicode_page_94.png".
	Moved file from "font/glyph_95.png" to "font/unicode_page_95.png".
	Moved file from "font/glyph_96.png" to "font/unicode_page_96.png".
	Moved file from "font/glyph_97.png" to "font/unicode_page_97.png".
	Moved file from "font/glyph_98.png" to "font/unicode_page_98.png".
	Moved file from "font/glyph_99.png" to "font/unicode_page_99.png".
	Moved file from "font/glyph_9A.png" to "font/unicode_page_9a.png".
	Moved file from "font/glyph_9B.png" to "font/unicode_page_9b.png".
	Moved file from "font/glyph_9C.png" to "font/unicode_page_9c.png".
	Moved file from "font/glyph_9D.png" to "font/unicode_page_9d.png".
	Moved file from "font/glyph_9E.png" to "font/unicode_page_9e.png".
	Moved file from "font/glyph_9F.png" to "font/unicode_page_9f.png".
	Moved file from "font/glyph_A0.png" to "font/unicode_page_a0.png".
	Moved file from "font/glyph_A1.png" to "font/unicode_page_a1.png".
	Moved file from "font/glyph_A2.png" to "font/unicode_page_a2.png".
	Moved file from "font/glyph_A3.png" to "font/unicode_page_a3.png".
	Moved file from "font/glyph_A4.png" to "font/unicode_page_a4.png".
	Moved file from "font/glyph_A5.png" to "font/unicode_page_a5.png".
	Moved file from "font/glyph_A6.png" to "font/unicode_page_a6.png".
	Moved file from "font/glyph_A7.png" to "font/unicode_page_a7.png".
	Moved file from "font/glyph_A8.png" to "font/unicode_page_a8.png".
	Moved file from "font/glyph_A9.png" to "font/unicode_page_a9.png".
	Moved file from "font/glyph_AA.png" to "font/unicode_page_aa.png".
	Moved file from "font/glyph_AB.png" to "font/unicode_page_ab.png".
	Moved file from "font/glyph_AC.png" to "font/unicode_page_ac.png".
	Moved file from "font/glyph_AD.png" to "font/unicode_page_ad.png".
	Moved file from "font/glyph_AE.png" to "font/unicode_page_ae.png".
	Moved file from "font/glyph_AF.png" to "font/unicode_page_af.png".
	Moved file from "font/glyph_B0.png" to "font/unicode_page_b0.png".
	Moved file from "font/glyph_B1.png" to "font/unicode_page_b1.png".
	Moved file from "font/glyph_B2.png" to "font/unicode_page_b2.png".
	Moved file from "font/glyph_B3.png" to "font/unicode_page_b3.png".
	Moved file from "font/glyph_B4.png" to "font/unicode_page_b4.png".
	Moved file from "font/glyph_B5.png" to "font/unicode_page_b5.png".
	Moved file from "font/glyph_B6.png" to "font/unicode_page_b6.png".
	Moved file from "font/glyph_B7.png" to "font/unicode_page_b7.png".
	Moved file from "font/glyph_B8.png" to "font/unicode_page_b8.png".
	Moved file from "font/glyph_B9.png" to "font/unicode_page_b9.png".
	Moved file from "font/glyph_BA.png" to "font/unicode_page_ba.png".
	Moved file from "font/glyph_BB.png" to "font/unicode_page_bb.png".
	Moved file from "font/glyph_BC.png" to "font/unicode_page_bc.png".
	Moved file from "font/glyph_BD.png" to "font/unicode_page_bd.png".
	Moved file from "font/glyph_BE.png" to "font/unicode_page_be.png".
	Moved file from "font/glyph_BF.png" to "font/unicode_page_bf.png".
	Moved file from "font/glyph_C0.png" to "font/unicode_page_c0.png".
	Moved file from "font/glyph_C1.png" to "font/unicode_page_c1.png".
	Moved file from "font/glyph_C2.png" to "font/unicode_page_c2.png".
	Moved file from "font/glyph_C3.png" to "font/unicode_page_c3.png".
	Moved file from "font/glyph_C4.png" to "font/unicode_page_c4.png".
	Moved file from "font/glyph_C5.png" to "font/unicode_page_c5.png".
	Moved file from "font/glyph_C6.png" to "font/unicode_page_c6.png".
	Moved file from "font/glyph_C7.png" to "font/unicode_page_c7.png".
	Moved file from "font/glyph_C8.png" to "font/unicode_page_c8.png".
	Moved file from "font/glyph_C9.png" to "font/unicode_page_c9.png".
	Moved file from "font/glyph_CA.png" to "font/unicode_page_ca.png".
	Moved file from "font/glyph_CB.png" to "font/unicode_page_cb.png".
	Moved file from "font/glyph_CC.png" to "font/unicode_page_cc.png".
	Moved file from "font/glyph_CD.png" to "font/unicode_page_cd.png".
	Moved file from "font/glyph_CE.png" to "font/unicode_page_ce.png".
	Moved file from "font/glyph_CF.png" to "font/unicode_page_cf.png".
	Moved file from "font/glyph_D0.png" to "font/unicode_page_d0.png".
	Moved file from "font/glyph_D1.png" to "font/unicode_page_d1.png".
	Moved file from "font/glyph_D2.png" to "font/unicode_page_d2.png".
	Moved file from "font/glyph_D3.png" to "font/unicode_page_d3.png".
	Moved file from "font/glyph_D4.png" to "font/unicode_page_d4.png".
	Moved file from "font/glyph_D5.png" to "font/unicode_page_d5.png".
	Moved file from "font/glyph_D6.png" to "font/unicode_page_d6.png".
	Moved file from "font/glyph_D7.png" to "font/unicode_page_d7.png".
	Moved file from "font/glyph_F9.png" to "font/unicode_page_f9.png".
	Moved file from "font/glyph_FA.png" to "font/unicode_page_fa.png".
	Moved file from "font/glyph_FB.png" to "font/unicode_page_fb.png".
	Moved file from "font/glyph_FC.png" to "font/unicode_page_fc.png".
	Moved file from "font/glyph_FD.png" to "font/unicode_page_fd.png".
	Moved file from "font/glyph_FE.png" to "font/unicode_page_fe.png".
	Moved file from "font/glyph_FF.png" to "font/unicode_page_ff.png".
	Moved file from "gui/alchemy.png" to "gui/container/brewing_stand.png".
	Moved file from "gui/allitems.png" to "gui/container/creative_inventory/tabs.png".
	Moved file from "gui/background.png" to "gui/options_background.png".
	Moved file from "gui/beacon.png" to "gui/container/beacon.png".
	Moved file from "gui/container.png" to "gui/container/generic_54.png".
	Moved file from "gui/crafting.png" to "gui/container/crafting_table.png".
	Removed file "gui/crash_logo.png":
		field "sha1_hash": "932cda951c1853ab9b9e2ba00e1b3608dfb79b19"
		field "metadata":
			field "BitDepth": 8
			field "ColorType": "RGB with Alpha"
			field "Compression": "Deflate/Inflate"
			field "FileSize": "4.9 kB"
			field "FileTypeExtension": "png"
			field "Filter": "Adaptive"
			field "Gamma": 2.2
			field "ImageHeight": 44
			field "ImageSize": "274x44"
			field "ImageWidth": 274
			field "Interlace": "Noninterlaced"
			field "MIMEType": "image/png"
			field "Megapixels": 0.012
			field "PixelUnits": "meters"
			field "PixelsPerUnitX": 3778
			field "PixelsPerUnitY": 3778
		field "PNG": null
	Moved file from "gui/creative_inv/list_items.png" to "gui/container/creative_inventory/tab_items.png".
	Moved file from "gui/creative_inv/search.png" to "gui/container/creative_inventory/tab_item_search.png".
	Moved file from "gui/creative_inv/survival_inv.png" to "gui/container/creative_inventory/tab_inventory.png".
	Moved file from "gui/demo_bg.png" to "gui/demo_background.png".
	Moved file from "gui/enchant.png" to "gui/container/enchanting_table.png".
	Moved file from "gui/furnace.png" to "gui/container/furnace.png".
	Moved file from "gui/gui.png" to "gui/widgets.png".
	Moved file from "gui/hopper.png" to "gui/container/hopper.png".
	Moved file from "gui/horseinv.png" to "gui/container/horse.png".
	Moved file from "gui/inventory.png" to "gui/container/inventory.png".
	Removed file "gui/particles.png":
		field "sha1_hash": "2f090dd0bc355c4077f110cd495fac314cb20605"
		field "metadata":
			field "BitDepth": 8
			field "ColorType": "Palette"
			field "Compression": "Deflate/Inflate"
			field "FileSize": "1936 bytes"
			field "FileTypeExtension": "png"
			field "Filter": "Adaptive"
			field "Gamma": 2.2
			field "ImageHeight": 256
			field "ImageSize": "256x256"
			field "ImageWidth": 256
			field "Interlace": "Noninterlaced"
			field "MIMEType": "image/png"
			field "Megapixels": 0.066
			field "Palette": "base64:AAAA////AAAAAAAAAAAAAAAAAAAAAAAAAAAAAAAAAAAAAAAAAAAAAAAAAAAAAAAAAAAAAAAAAAAAAAAAAAAAAAAAAAAAAAAAAAAAAAAAAAAAAAAAAAAAAAAAAAAAAAAAAAAAAAAAAAAAAAAAAAAAAAAAAAAAAAAAAAAAAAAAAAAAAAAAAAAAAAAAAAAAAAAAAAAAAAAAAAAAAAAAAAAAAAAAAAAAAAAAAAAAAAAAAAAAAAAAAAAAAAAAAAAAAAAAAAAAAAAAAAAAAAAAAAAAAAAAAAAAAAAAAAAAAAAAAAAAAAAAAAAAAAAAAAAAAAAAAAAAAAAAAAAAAAAAAAAAAAAAAAAAAAAAAAAAAAAAAAAAAAAAAAAAAAAAAAAAAAAAAAAAAAAAAAAAAAAAAAAAAAAAAAAAAAAAAAAAAAAAAAAAAAAAAAAAAAAAAAAAAAAAAAAAAAAAAAAAAAAAAAAAAAAAAAAAAAAAAAAAAAAAAAAAAAAAAAAAAAAAAAAAAAAAAAAAAAAAAAAAAAAAAAAAAAAAAAAAAAAAAAAAAAAAAAAAAAAAAAAAAAAAAAAAAAAAAAAAAAAAAAAAAAAAAAAAAAAAAAAAAAAAAAAAAAAAAAAAAAAAAAAAAAAAAAAAAAAAAAAAAAAAAAAAAAAAAAAAAAAAAAAAAAAAAAAAAAAAAAAAAAAAAAAAAAAAAAAAAAAAAAAAAAAAAAAAAAAAAAAAAAAAAAAAAAAAAAAAAAAAAAAAAAAAAAAAAAAAAAAAAAAAAAAAAAAAAAAAAAAAAAAAAAAAAAAAAAAAAAAAAAAAAAAAAAAAAAAAAAAAAAAAAAAAAAAAAAAAAAAAAAAAAAAAAAAAAAAAAAAAAAAAAAAAAAAAAAAAAAAAAAAAAAAAAAAAAAAAAAAAAAAAAAAAAAAAAAAAAAAAAAAAAAAAAAAAAAAAAAAAAAAAAAAAAAAAAAAAAAAAAAAAAAAAAAAAAAAAAAAAAAAAAAAAAAAAAAAAAAAAAAAAAAAAAAAAAAAAAAAA"
			field "PixelUnits": "meters"
			field "PixelsPerUnitX": 3757
			field "PixelsPerUnitY": 3757
			field "Transparency": "base64:////////////////////////////////////////////////////////////////////////////////////////////////////////////////////////////////////////////////////////////////////////////////////////////////////////////////////////////////////////////////////////////////////////////////////////////////////////////////////////////////////////////////////AA=="
		field "PNG": null
	Moved file from "gui/repair.png" to "gui/container/anvil.png".
	Moved file from "gui/slot.png" to "gui/container/stats_icons.png".
	Moved file from "gui/trading.png" to "gui/container/villager.png".
	Moved file from "gui/trap.png" to "gui/container/dispenser.png".
	Moved file from "gui/unknown_pack.png" to "misc/unknown_pack.png".
	Moved file from "item/arrows.png" to "entity/arrow.png".
	Moved file from "item/boat.png" to "entity/boat.png".
	Moved file from "item/book.png" to "entity/enchanting_table_book.png".
	Moved file from "item/cart.png" to "entity/minecart.png".
	Moved file from "item/chest.png" to "entity/chest/normal.png".
	Moved file from "item/chests/trap_large.png" to "entity/chest/trapped_double.png".
	Moved file from "item/chests/trap_small.png" to "entity/chest/trapped.png".
	Removed file "item/door.png":
		field "sha1_hash": "c4836c67b768df0c5b75cec8273ef5ad52ac9b14"
		field "metadata":
			field "BitDepth": 8
			field "BlueX": 0.15
			field "BlueY": 0.06
			field "ColorType": "RGB with Alpha"
			field "Compression": "Deflate/Inflate"
			field "FileSize": "992 bytes"
			field "FileTypeExtension": "png"
			field "Filter": "Adaptive"
			field "Gamma": 2.2
			field "GreenX": 0.3
			field "GreenY": 0.6
			field "ImageHeight": 32
			field "ImageSize": "64x32"
			field "ImageWidth": 64
			field "Interlace": "Noninterlaced"
			field "MIMEType": "image/png"
			field "Megapixels": 0.002
			field "PixelUnits": "meters"
			field "PixelsPerUnitX": 3779
			field "PixelsPerUnitY": 3779
			field "RedX": 0.64
			field "RedY": 0.33
			field "WhitePointX": 0.3127
			field "WhitePointY": 0.329
		field "PNG": null
	Moved file from "item/enderchest.png" to "entity/chest/ender.png".
	Moved file from "item/knot.png" to "entity/lead_knot.png".
	Moved file from "item/largechest.png" to "entity/chest/normal_double.png".
	Moved file from "item/largexmaschest.png" to "entity/chest/christmas_double.png".
	Moved file from "item/sign.png" to "entity/sign.png".
	Removed file "item/skis.png":
		field "sha1_hash": "7725d4dc76e3834e59e4a42d8ed6902709f4a369"
		field "metadata":
			field "BackgroundColor": "227 49 78"
			field "BitDepth": 8
			field "ColorType": "RGB with Alpha"
			field "Compression": "Deflate/Inflate"
			field "FileSize": "962 bytes"
			field "FileTypeExtension": "png"
			field "Filter": "Adaptive"
			field "ImageHeight": 64
			field "ImageSize": "32x64"
			field "ImageWidth": 32
			field "Interlace": "Noninterlaced"
			field "MIMEType": "image/png"
			field "Megapixels": 0.002
			field "PixelUnits": "meters"
			field "PixelsPerUnitX": 3778
			field "PixelsPerUnitY": 3778
		field "PNG": null
	Moved file from "item/xmaschest.png" to "entity/chest/christmas.png".
	Moved file from "item/xporb.png" to "entity/experience_orb.png".
	Removed file "misc/beacon.png":
		field "sha1_hash": "e65b726d5878bf61d764bffae40a5885bd640b76"
		field "metadata":
			field "BackgroundColor": "255 255 255"
			field "BitDepth": 8
			field "ColorType": "RGB with Alpha"
			field "Compression": "Deflate/Inflate"
			field "FileSize": "2.4 kB"
			field "FileTypeExtension": "png"
			field "Filter": "Adaptive"
			field "ImageHeight": 64
			field "ImageSize": "128x64"
			field "ImageWidth": 128
			field "Interlace": "Noninterlaced"
			field "MIMEType": "image/png"
			field "Megapixels": 0.008
			field "PixelUnits": "meters"
			field "PixelsPerUnitX": 3778
			field "PixelsPerUnitY": 3778
		field "PNG": null
	Moved file from "misc/beam.png" to "entity/beacon_beam.png".
	Removed file "misc/dial.png":
		field "sha1_hash": "383b21f72945cd28946638eae99c8be38092b23c"
		field "metadata":
			field "BitDepth": 8
			field "ColorType": "RGB with Alpha"
			field "Compression": "Deflate/Inflate"
			field "FileSize": "181 bytes"
			field "FileTypeExtension": "png"
			field "Filter": "Adaptive"
			field "Gamma": 2.2
			field "ImageHeight": 16
			field "ImageSize": "16x16"
			field "ImageWidth": 16
			field "Interlace": "Noninterlaced"
			field "MIMEType": "image/png"
			field "Megapixels": 0.000256
			field "PixelUnits": "meters"
			field "PixelsPerUnitX": 3779
			field "PixelsPerUnitY": 3779
		field "PNG": null
	Moved file from "misc/explosion.png" to "entity/explosion.png".
	Moved file from "misc/foliagecolor.png" to "colormap/foliage.png".
	Moved file from "misc/footprint.png" to "particle/footprint.png".
	Moved file from "misc/glint.png" to "misc/enchanted_item_glint.png".
	Moved file from "misc/grasscolor.png" to "colormap/grass.png".
	Moved file from "misc/mapbg.png" to "map/map_background.png".
	Moved file from "misc/mapicons.png" to "map/map_icons.png".
	Moved file from "misc/particlefield.png" to "entity/end_portal.png".
	Moved file from "misc/tunnel.png" to "environment/end_sky.png".
	Moved file from "misc/water.png" to "misc/underwater.png".
	Removed file "misc/watercolor.png":
		field "sha1_hash": "b25cc7fc4484fbcd8b2a24f04768bc92862e6fd8"
		field "metadata":
			field "BitDepth": 8
			field "ColorType": "Palette"
			field "Compression": "Deflate/Inflate"
			field "FileSize": "5.4 kB"
			field "FileTypeExtension": "png"
			field "Filter": "Adaptive"
			field "Gamma": 2.2
			field "ImageHeight": 256
			field "ImageSize": "256x256"
			field "ImageWidth": 256
			field "Interlace": "Noninterlaced"
			field "MIMEType": "image/png"
			field "Megapixels": 0.066
			field "Palette": "base64:AAT9AAb9AAj8AAr8AAz7AA77ABD6ABP5ABL6ABT5ABf4ABb5ABv3ABz3AB/2AB73ABj4ABr4ACD2ACL1ACT1ACb0ACrzACj0ACzzAC7yADnvADrvAD3uADzvAD7uADHxADDyADLxADXwADTxADbwADjwAEDtAELtAETsAEbsAEjrAErrAEzqAE/pAE7qAFfnAFDpAFPoAFLpAFToAFboAFjnAFvmAFrnAFzmAF7lAHXfAHbfAHneAHjfAHreAHzdAH7dAGDlAGLkAGbjAGTkAGjjAGriAG3hAGziAG7hAHHgAHDhAHLgAHTgAIDcAILcAITbAIbbAIjaAIvZAIraAIzZAI/YAI7ZAJPXAJTXAJfWAJbXAJDYAJLYAJjWAJrVAJzVAJ7UAKLTAKDUAKTTAKbSAKnRAKjSAKrRAK3QAKzRAK7QALHPALLPALXOALTPALbOALjNALrNALzMAL7MALDQAMDLAMLLAMTKAMfJAMbKAM/HAMjJAMvIAMrJAMzIAM7IANDHANPGANLHANTGANbFANjFANrEAN7DANzEAODDAOLCAOTC////AAAAAAAAAAAAAAAAAAAAAAAAAAAAAAAAAAAAAAAAAAAAAAAAAAAAAAAAAAAAAAAAAAAAAAAAAAAAAAAAAAAAAAAAAAAAAAAAAAAAAAAAAAAAAAAAAAAAAAAAAAAAAAAAAAAAAAAAAAAAAAAAAAAAAAAAAAAAAAAAAAAAAAAAAAAAAAAAAAAAAAAAAAAAAAAAAAAAAAAAAAAAAAAAAAAAAAAAAAAAAAAAAAAAAAAAAAAAAAAAAAAAAAAAAAAAAAAAAAAAAAAAAAAAAAAAAAAAAAAAAAAAAAAAAAAAAAAAAAAAAAAAAAAAAAAAAAAAAAAAAAAAAAAAAAAAAAAAAAAAAAAAAAAAAAAAAAAAAAAAAAAAAAAAAAAAAAAAAAAAAAAAAAAAAAAAAAAAAAAAAAAAAAAAAAAAAAAAAAAAAAAAAAAAAAAAAAAAAAAAAAAAAAAAAAAAAAAA"
			field "PixelUnits": "meters"
			field "PixelsPerUnitX": 3778
			field "PixelsPerUnitY": 3778
		field "PNG": null
	Moved file from "mob/bat.png" to "entity/bat.png".
	Moved file from "mob/cat_black.png" to "entity/cat/black.png".
	Moved file from "mob/cat_red.png" to "entity/cat/red.png".
	Moved file from "mob/cat_siamese.png" to "entity/cat/siamese.png".
	Moved file from "mob/cavespider.png" to "entity/spider/cave_spider.png".
	Moved file from "mob/char.png" to "entity/steve.png".
	Moved file from "mob/chicken.png" to "entity/chicken.png".
	Moved file from "mob/cow.png" to "entity/cow/cow.png".
	Moved file from "mob/creeper.png" to "entity/creeper/creeper.png".
	Moved file from "mob/enderdragon/beam.png" to "entity/endercrystal/endercrystal_beam.png".
	Removed file "mob/enderdragon/body.png":
		field "sha1_hash": "f0e513bbeec9433d355a2b05fda9d7283cba5256"
		field "metadata":
			field "BitDepth": 8
			field "ColorType": "RGB with Alpha"
			field "Compression": "Deflate/Inflate"
			field "FileSize": "7.7 kB"
			field "FileTypeExtension": "png"
			field "Filter": "Adaptive"
			field "Gamma": 2.2
			field "ImageHeight": 256
			field "ImageSize": "256x256"
			field "ImageWidth": 256
			field "Interlace": "Noninterlaced"
			field "MIMEType": "image/png"
			field "Megapixels": 0.066
			field "PixelUnits": "meters"
			field "PixelsPerUnitX": 3777
			field "PixelsPerUnitY": 3777
		field "PNG": null
	Moved file from "mob/enderdragon/crystal.png" to "entity/endercrystal/endercrystal.png".
	Removed file "mob/enderdragon/dragon.png":
		field "sha1_hash": "c54fd6e767054c5f037458ffdb0910892af64220"
		field "metadata":
			field "BitDepth": 8
			field "ColorType": "RGB with Alpha"
			field "Compression": "Deflate/Inflate"
			field "FileSize": "11 kB"
			field "FileTypeExtension": "png"
			field "Filter": "Adaptive"
			field "Gamma": 2.2
			field "ImageHeight": 256
			field "ImageSize": "256x256"
			field "ImageWidth": 256
			field "Interlace": "Noninterlaced"
			field "MIMEType": "image/png"
			field "Megapixels": 0.066
			field "PixelUnits": "meters"
			field "PixelsPerUnitX": 3776
			field "PixelsPerUnitY": 3776
		field "PNG": null
	Moved file from "mob/enderdragon/ender.png" to "entity/enderdragon/dragon.png".
	Moved file from "mob/enderdragon/ender_eyes.png" to "entity/enderdragon/dragon_eyes.png".
	Moved file from "mob/enderdragon/shuffle.png" to "entity/enderdragon/dragon_exploding.png".
	Moved file from "mob/enderman.png" to "entity/enderman/enderman.png".
	Moved file from "mob/enderman_eyes.png" to "entity/enderman/enderman_eyes.png".
	Moved file from "mob/fire.png" to "entity/blaze.png".
	Moved file from "mob/ghast.png" to "entity/ghast/ghast.png".
	Moved file from "mob/ghast_fire.png" to "entity/ghast/ghast_shooting.png".
	Moved file from "mob/horse/armor_diamond.png" to "entity/horse/armor/horse_armor_diamond.png".
	Moved file from "mob/horse/armor_gold.png" to "entity/horse/armor/horse_armor_gold.png".
	Moved file from "mob/horse/armor_metal.png" to "entity/horse/armor/horse_armor_iron.png".
	Moved file from "mob/horse/donkey.png" to "entity/horse/donkey.png".
	Moved file from "mob/horse/horse_black.png" to "entity/horse/horse_black.png".
	Moved file from "mob/horse/horse_brown.png" to "entity/horse/horse_brown.png".
	Moved file from "mob/horse/horse_chestnut.png" to "entity/horse/horse_chestnut.png".
	Moved file from "mob/horse/horse_creamy.png" to "entity/horse/horse_creamy.png".
	Moved file from "mob/horse/horse_darkbrown.png" to "entity/horse/horse_darkbrown.png".
	Moved file from "mob/horse/horse_gray.png" to "entity/horse/horse_gray.png".
	Moved file from "mob/horse/horse_white.png" to "entity/horse/horse_white.png".
	Moved file from "mob/horse/mark_blackdots.png" to "entity/horse/horse_markings_blackdots.png".
	Moved file from "mob/horse/mark_white.png" to "entity/horse/horse_markings_white.png".
	Moved file from "mob/horse/mark_whitedots.png" to "entity/horse/horse_markings_whitedots.png".
	Moved file from "mob/horse/mark_whitefield.png" to "entity/horse/horse_markings_whitefield.png".
	Moved file from "mob/horse/mule.png" to "entity/horse/mule.png".
	Moved file from "mob/horse/skeleton.png" to "entity/horse/horse_skeleton.png".
	Moved file from "mob/horse/undead.png" to "entity/horse/horse_zombie.png".
	Moved file from "mob/lava.png" to "entity/slime/magmacube.png".
	Moved file from "mob/ozelot.png" to "entity/cat/ocelot.png".
	Moved file from "mob/pig.png" to "entity/pig/pig.png".
	Removed file "mob/pigman.png":
		field "sha1_hash": "480af7ada9c02eab739f1c0a56519eeaada3a20f"
		field "metadata":
			field "BitDepth": 8
			field "ColorType": "RGB with Alpha"
			field "Compression": "Deflate/Inflate"
			field "FileSize": "2.6 kB"
			field "FileTypeExtension": "png"
			field "Filter": "Adaptive"
			field "Gamma": 2.2
			field "ImageHeight": 32
			field "ImageSize": "64x32"
			field "ImageWidth": 64
			field "Interlace": "Noninterlaced"
			field "MIMEType": "image/png"
			field "Megapixels": 0.002
		field "PNG": null
	Moved file from "mob/pigzombie.png" to "entity/zombie_pigman.png".
	Moved file from "mob/redcow.png" to "entity/cow/mooshroom.png".
	Moved file from "mob/saddle.png" to "entity/pig/pig_saddle.png".
	Moved file from "mob/sheep.png" to "entity/sheep/sheep.png".
	Moved file from "mob/sheep_fur.png" to "entity/sheep/sheep_fur.png".
	Moved file from "mob/silverfish.png" to "entity/silverfish.png".
	Moved file from "mob/skeleton.png" to "entity/skeleton/skeleton.png".
	Moved file from "mob/skeleton_wither.png" to "entity/skeleton/wither_skeleton.png".
	Moved file from "mob/slime.png" to "entity/slime/slime.png".
	Moved file from "mob/snowman.png" to "entity/snowman.png".
	Moved file from "mob/spider.png" to "entity/spider/spider.png".
	Moved file from "mob/spider_eyes.png" to "entity/spider_eyes.png".
	Moved file from "mob/squid.png" to "entity/squid.png".
	Removed file "mob/villager.png":
		field "sha1_hash": "0869b0b5f8ea335b46decfcdf18ced252b07a614"
		field "metadata":
			field "BitDepth": 8
			field "ColorType": "Palette"
			field "Compression": "Deflate/Inflate"
			field "FileSize": "2.1 kB"
			field "FileTypeExtension": "png"
			field "Filter": "Adaptive"
			field "Gamma": 2.2
			field "ImageHeight": 64
			field "ImageSize": "64x64"
			field "ImageWidth": 64
			field "Interlace": "Noninterlaced"
			field "MIMEType": "image/png"
			field "Megapixels": 0.004
			field "Palette": "base64:AAAAHxALIxcJJBgIJBgKJhgLJhoKJxsLJhoMKBsKKBsLKBoNKBwLKRwMKh0NKx4NKx4OLR0OLB4OLx8PLB4RLyANLSAQLyIRMiMQMyQRNCUSOigUPyoVIyMjKCgoPz8/JiFbMChyAFtbAGBgAGhoAH9/QioSUigmUTElYkMvbUMqb0UsakAwdUcvdEgvd0I1ek4za2trOjGJUj2JRjqlVknMAJmZAJ6eAKioAK+vAMzMgFM0hFIxhlM0gVM5g1U7h1U7h1g6ilk7iFo5j14+kF5Dll9All9BmmNEnGNFnGNGmmRKnGdIn2hJnGlMnWpPlm9bnHJcompHrHZaqn1ms3titXtnrYBttIRttolsvohst4Jyu4lyvYtyvY5yvY50xpaA////AAAAAAAAAAAAAAAAAAAAAAAAAAAAAAAAAAAAAAAAAAAAAAAAAAAAAAAAAAAAAAAAAAAAAAAAAAAAAAAAAAAAAAAAAAAAAAAAAAAAAAAAAAAAAAAAAAAAAAAAAAAAAAAAAAAAAAAAAAAAAAAAAAAAAAAAAAAAAAAAAAAAAAAAAAAAAAAAAAAAAAAAAAAAAAAAAAAAAAAAAAAAAAAAAAAAAAAAAAAAAAAAAAAAAAAAAAAAAAAAAAAAAAAAAAAAAAAAAAAAAAAAAAAAAAAAAAAAAAAAAAAAAAAAAAAAAAAAAAAAAAAAAAAAAAAAAAAAAAAAAAAAAAAAAAAAAAAAAAAAAAAAAAAAAAAAAAAAAAAAAAAAAAAAAAAAAAAAAAAAAAAAAAAAAAAAAAAAAAAAAAAAAAAAAAAAAAAAAAAAAAAAAAAAAAAAAAAAAAAAAAAAAAAAAAAAAAAAAAAAAAAAAAAAAAAAAAAAAAAAAAAAAAAAAAAAAAAAAAAAAAAAAAAAAAAAAAAAAAAAAAAAAAAAAAAAAAAAAAAAAAAAAAAAAAAAAAAAAAAAAAAAAAAAAAAAAAAAAAAAAAAAAAAAAAAAAAAAAAAAAAAAAAAAAAAAAAAAAAAAAAAAAAAAAAAA"
			field "PixelUnits": "meters"
			field "PixelsPerUnitX": 3779
			field "PixelsPerUnitY": 3779
			field "Transparency": "base64:////////////////////////////////////////////////////////////////////////////////////////////////////////////////////////////////////////////////////////////////////////////////////////////////////////////////////////////////////////////////////////////////////////////////////////////////////////////////////////////////////////////////////AA=="
		field "PNG": null
	Moved file from "mob/villager/butcher.png" to "entity/villager/butcher.png".
	Moved file from "mob/villager/farmer.png" to "entity/villager/farmer.png".
	Moved file from "mob/villager/librarian.png" to "entity/villager/librarian.png".
	Moved file from "mob/villager/priest.png" to "entity/villager/priest.png".
	Moved file from "mob/villager/smith.png" to "entity/villager/smith.png".
	Moved file from "mob/villager/villager.png" to "entity/villager/villager.png".
	Moved file from "mob/villager/witch.png" to "entity/witch.png".
	Moved file from "mob/villager_golem.png" to "entity/iron_golem.png".
	Moved file from "mob/wither.png" to "entity/wither/wither.png".
	Moved file from "mob/wither_invul.png" to "entity/wither/wither_invulnerable.png".
	Moved file from "mob/wolf.png" to "entity/wolf/wolf.png".
	Moved file from "mob/wolf_angry.png" to "entity/wolf/wolf_angry.png".
	Moved file from "mob/wolf_collar.png" to "entity/wolf/wolf_collar.png".
	Moved file from "mob/wolf_tame.png" to "entity/wolf/wolf_tame.png".
	Moved file from "mob/zombie.png" to "entity/zombie/zombie.png".
	Moved file from "mob/zombie_villager.png" to "entity/zombie/zombie_villager.png".
	Removed file "pack.png":
		field "sha1_hash": "6d1447c631ead5401e98fb46259d37d08f80cb73"
		field "metadata":
			field "BitDepth": 8
			field "ColorType": "RGB with Alpha"
			field "Compression": "Deflate/Inflate"
			field "FileSize": "27 kB"
			field "FileTypeExtension": "png"
			field "Filter": "Adaptive"
			field "Gamma": 2.2
			field "ImageHeight": 128
			field "ImageSize": "128x128"
			field "ImageWidth": 128
			field "Interlace": "Noninterlaced"
			field "MIMEType": "image/png"
			field "Megapixels": 0.016
			field "PixelUnits": "meters"
			field "PixelsPerUnitX": 3779
			field "PixelsPerUnitY": 3779
		field "PNG": null
	Moved file from "particles.png" to "particle/particles.png".
	Moved file from "textures/blocks/activatorRail.png" to "blocks/rail_activator.png".
	Moved file from "textures/blocks/activatorRail_powered.png" to "blocks/rail_activator_powered.png".
	Moved file from "textures/blocks/anvil_base.png" to "blocks/anvil_base.png".
	Moved file from "textures/blocks/anvil_top.png" to "blocks/anvil_top_damaged_0.png".
	Moved file from "textures/blocks/anvil_top_damaged_1.png" to "blocks/anvil_top_damaged_1.png".
	Moved file from "textures/blocks/anvil_top_damaged_2.png" to "blocks/anvil_top_damaged_2.png".
	Moved file from "textures/blocks/beacon.png" to "blocks/beacon.png".
	Moved file from "textures/blocks/bed_feet_end.png" to "blocks/bed_feet_end.png".
	Moved file from "textures/blocks/bed_feet_side.png" to "blocks/bed_feet_side.png".
	Moved file from "textures/blocks/bed_feet_top.png" to "blocks/bed_feet_top.png".
	Moved file from "textures/blocks/bed_head_end.png" to "blocks/bed_head_end.png".
	Moved file from "textures/blocks/bed_head_side.png" to "blocks/bed_head_side.png".
	Moved file from "textures/blocks/bed_head_top.png" to "blocks/bed_head_top.png".
	Moved file from "textures/blocks/bedrock.png" to "blocks/bedrock.png".
	Moved file from "textures/blocks/blockCoal.png" to "blocks/coal_block.png".
	Moved file from "textures/blocks/blockDiamond.png" to "blocks/diamond_block.png".
	Moved file from "textures/blocks/blockEmerald.png" to "blocks/emerald_block.png".
	Moved file from "textures/blocks/blockGold.png" to "blocks/gold_block.png".
	Moved file from "textures/blocks/blockIron.png" to "blocks/iron_block.png".
	Moved file from "textures/blocks/blockLapis.png" to "blocks/lapis_block.png".
	Moved file from "textures/blocks/blockRedstone.png" to "blocks/redstone_block.png".
	Moved file from "textures/blocks/bookshelf.png" to "blocks/bookshelf.png".
	Moved file from "textures/blocks/brewingStand.png" to "blocks/brewing_stand.png".
	Moved file from "textures/blocks/brewingStand_base.png" to "blocks/brewing_stand_base.png".
	Moved file from "textures/blocks/brick.png" to "blocks/brick.png".
	Moved file from "textures/blocks/cactus_bottom.png" to "blocks/cactus_bottom.png".
	Moved file from "textures/blocks/cactus_side.png" to "blocks/cactus_side.png".
	Moved file from "textures/blocks/cactus_top.png" to "blocks/cactus_top.png".
	Moved file from "textures/blocks/cake_bottom.png" to "blocks/cake_bottom.png".
	Moved file from "textures/blocks/cake_inner.png" to "blocks/cake_inner.png".
	Moved file from "textures/blocks/cake_side.png" to "blocks/cake_side.png".
	Moved file from "textures/blocks/cake_top.png" to "blocks/cake_top.png".
	Moved file from "textures/blocks/carrots_0.png" to "blocks/carrots_stage_0.png".
	Moved file from "textures/blocks/carrots_1.png" to "blocks/carrots_stage_1.png".
	Moved file from "textures/blocks/carrots_2.png" to "blocks/carrots_stage_2.png".
	Moved file from "textures/blocks/carrots_3.png" to "blocks/carrots_stage_3.png".
	Moved file from "textures/blocks/cauldron_bottom.png" to "blocks/cauldron_bottom.png".
	Moved file from "textures/blocks/cauldron_inner.png" to "blocks/cauldron_inner.png".
	Moved file from "textures/blocks/cauldron_side.png" to "blocks/cauldron_side.png".
	Moved file from "textures/blocks/cauldron_top.png" to "blocks/cauldron_top.png".
	Moved file from "textures/blocks/clay.png" to "blocks/clay.png".
	Moved file from "textures/blocks/clayHardened.png" to "blocks/hardened_clay.png".
	Moved file from "textures/blocks/clayHardenedStained_0.png" to "blocks/hardened_clay_stained_white.png".
	Moved file from "textures/blocks/clayHardenedStained_1.png" to "blocks/hardened_clay_stained_orange.png".
	Moved file from "textures/blocks/clayHardenedStained_10.png" to "blocks/hardened_clay_stained_purple.png".
	Moved file from "textures/blocks/clayHardenedStained_11.png" to "blocks/hardened_clay_stained_blue.png".
	Moved file from "textures/blocks/clayHardenedStained_12.png" to "blocks/hardened_clay_stained_brown.png".
	Moved file from "textures/blocks/clayHardenedStained_13.png" to "blocks/hardened_clay_stained_green.png".
	Moved file from "textures/blocks/clayHardenedStained_14.png" to "blocks/hardened_clay_stained_red.png".
	Moved file from "textures/blocks/clayHardenedStained_15.png" to "blocks/hardened_clay_stained_black.png".
	Moved file from "textures/blocks/clayHardenedStained_2.png" to "blocks/hardened_clay_stained_magenta.png".
	Moved file from "textures/blocks/clayHardenedStained_3.png" to "blocks/hardened_clay_stained_light_blue.png".
	Moved file from "textures/blocks/clayHardenedStained_4.png" to "blocks/hardened_clay_stained_yellow.png".
	Moved file from "textures/blocks/clayHardenedStained_5.png" to "blocks/hardened_clay_stained_lime.png".
	Moved file from "textures/blocks/clayHardenedStained_6.png" to "blocks/hardened_clay_stained_pink.png".
	Moved file from "textures/blocks/clayHardenedStained_7.png" to "blocks/hardened_clay_stained_gray.png".
	Moved file from "textures/blocks/clayHardenedStained_8.png" to "blocks/hardened_clay_stained_silver.png".
	Moved file from "textures/blocks/clayHardenedStained_9.png" to "blocks/hardened_clay_stained_cyan.png".
	Moved file from "textures/blocks/cloth_0.png" to "blocks/wool_colored_white.png".
	Moved file from "textures/blocks/cloth_1.png" to "blocks/wool_colored_orange.png".
	Moved file from "textures/blocks/cloth_10.png" to "blocks/wool_colored_purple.png".
	Moved file from "textures/blocks/cloth_11.png" to "blocks/wool_colored_blue.png".
	Moved file from "textures/blocks/cloth_12.png" to "blocks/wool_colored_brown.png".
	Moved file from "textures/blocks/cloth_13.png" to "blocks/wool_colored_green.png".
	Moved file from "textures/blocks/cloth_14.png" to "blocks/wool_colored_red.png".
	Moved file from "textures/blocks/cloth_15.png" to "blocks/wool_colored_black.png".
	Moved file from "textures/blocks/cloth_2.png" to "blocks/wool_colored_magenta.png".
	Moved file from "textures/blocks/cloth_3.png" to "blocks/wool_colored_light_blue.png".
	Moved file from "textures/blocks/cloth_4.png" to "blocks/wool_colored_yellow.png".
	Moved file from "textures/blocks/cloth_5.png" to "blocks/wool_colored_lime.png".
	Moved file from "textures/blocks/cloth_6.png" to "blocks/wool_colored_pink.png".
	Moved file from "textures/blocks/cloth_7.png" to "blocks/wool_colored_gray.png".
	Moved file from "textures/blocks/cloth_8.png" to "blocks/wool_colored_silver.png".
	Moved file from "textures/blocks/cloth_9.png" to "blocks/wool_colored_cyan.png".
	Moved file from "textures/blocks/cocoa_0.png" to "blocks/cocoa_stage_0.png".
	Moved file from "textures/blocks/cocoa_1.png" to "blocks/cocoa_stage_1.png".
	Moved file from "textures/blocks/cocoa_2.png" to "blocks/cocoa_stage_2.png".
	Moved file from "textures/blocks/commandBlock.png" to "blocks/command_block.png".
	Moved file from "textures/blocks/comparator.png" to "blocks/comparator_off.png".
	Moved file from "textures/blocks/comparator_lit.png" to "blocks/comparator_on.png".
	Moved file from "textures/blocks/crops_0.png" to "blocks/wheat_stage_0.png".
	Moved file from "textures/blocks/crops_1.png" to "blocks/wheat_stage_1.png".
	Moved file from "textures/blocks/crops_2.png" to "blocks/wheat_stage_2.png".
	Moved file from "textures/blocks/crops_3.png" to "blocks/wheat_stage_3.png".
	Moved file from "textures/blocks/crops_4.png" to "blocks/wheat_stage_4.png".
	Moved file from "textures/blocks/crops_5.png" to "blocks/wheat_stage_5.png".
	Moved file from "textures/blocks/crops_6.png" to "blocks/wheat_stage_6.png".
	Moved file from "textures/blocks/crops_7.png" to "blocks/wheat_stage_7.png".
	Moved file from "textures/blocks/daylightDetector_side.png" to "blocks/daylight_detector_side.png".
	Moved file from "textures/blocks/daylightDetector_top.png" to "blocks/daylight_detector_top.png".
	Moved file from "textures/blocks/deadbush.png" to "blocks/deadbush.png".
	Moved file from "textures/blocks/destroy_0.png" to "blocks/destroy_stage_0.png".
	Moved file from "textures/blocks/destroy_1.png" to "blocks/destroy_stage_1.png".
	Moved file from "textures/blocks/destroy_2.png" to "blocks/destroy_stage_2.png".
	Moved file from "textures/blocks/destroy_3.png" to "blocks/destroy_stage_3.png".
	Moved file from "textures/blocks/destroy_4.png" to "blocks/destroy_stage_4.png".
	Moved file from "textures/blocks/destroy_5.png" to "blocks/destroy_stage_5.png".
	Moved file from "textures/blocks/destroy_6.png" to "blocks/destroy_stage_6.png".
	Moved file from "textures/blocks/destroy_7.png" to "blocks/destroy_stage_7.png".
	Moved file from "textures/blocks/destroy_8.png" to "blocks/destroy_stage_8.png".
	Moved file from "textures/blocks/destroy_9.png" to "blocks/destroy_stage_9.png".
	Moved file from "textures/blocks/detectorRail.png" to "blocks/rail_detector.png".
	Moved file from "textures/blocks/detectorRail_on.png" to "blocks/rail_detector_powered.png".
	Moved file from "textures/blocks/dirt.png" to "blocks/dirt.png".
	Moved file from "textures/blocks/dispenser_front.png" to "blocks/dispenser_front_horizontal.png".
	Moved file from "textures/blocks/dispenser_front_vertical.png" to "blocks/dispenser_front_vertical.png".
	Moved file from "textures/blocks/doorIron_lower.png" to "blocks/door_iron_lower.png".
	Moved file from "textures/blocks/doorIron_upper.png" to "blocks/door_iron_upper.png".
	Moved file from "textures/blocks/doorWood_lower.png" to "blocks/door_wood_lower.png".
	Moved file from "textures/blocks/doorWood_upper.png" to "blocks/door_wood_upper.png".
	Moved file from "textures/blocks/dragonEgg.png" to "blocks/dragon_egg.png".
	Moved file from "textures/blocks/dropper_front.png" to "blocks/dropper_front_horizontal.png".
	Moved file from "textures/blocks/dropper_front_vertical.png" to "blocks/dropper_front_vertical.png".
	Moved file from "textures/blocks/enchantment_bottom.png" to "blocks/enchanting_table_bottom.png".
	Moved file from "textures/blocks/enchantment_side.png" to "blocks/enchanting_table_side.png".
	Moved file from "textures/blocks/enchantment_top.png" to "blocks/enchanting_table_top.png".
	Moved file from "textures/blocks/endframe_eye.png" to "blocks/endframe_eye.png".
	Moved file from "textures/blocks/endframe_side.png" to "blocks/endframe_side.png".
	Moved file from "textures/blocks/endframe_top.png" to "blocks/endframe_top.png".
	Moved file from "textures/blocks/farmland_dry.png" to "blocks/farmland_dry.png".
	Moved file from "textures/blocks/farmland_wet.png" to "blocks/farmland_wet.png".
	Moved file from "textures/blocks/fenceIron.png" to "blocks/iron_bars.png".
	Moved file from "textures/blocks/fern.png" to "blocks/fern.png".
	Moved file from "textures/blocks/fire_0.png" to "blocks/fire_layer_0.png".
	Moved file from "textures/blocks/fire_1.png" to "blocks/fire_layer_1.png".
	Moved file from "textures/blocks/flower.png" to "blocks/flower_dandelion.png".
	Moved file from "textures/blocks/flowerPot.png" to "blocks/flower_pot.png".
	Moved file from "textures/blocks/furnace_front.png" to "blocks/furnace_front_off.png".
	Moved file from "textures/blocks/furnace_front_lit.png" to "blocks/furnace_front_on.png".
	Moved file from "textures/blocks/furnace_side.png" to "blocks/furnace_side.png".
	Moved file from "textures/blocks/furnace_top.png" to "blocks/furnace_top.png".
	Moved file from "textures/blocks/glass.png" to "blocks/glass.png".
	Moved file from "textures/blocks/goldenRail.png" to "blocks/rail_golden.png".
	Moved file from "textures/blocks/goldenRail_powered.png" to "blocks/rail_golden_powered.png".
	Moved file from "textures/blocks/grass_side.png" to "blocks/grass_side.png".
	Moved file from "textures/blocks/grass_side_overlay.png" to "blocks/grass_side_overlay.png".
	Moved file from "textures/blocks/grass_top.png" to "blocks/grass_top.png".
	Moved file from "textures/blocks/gravel.png" to "blocks/gravel.png".
	Moved file from "textures/blocks/hayBlock.png" to "blocks/hay_block_side.png".
	Moved file from "textures/blocks/hayBlock_top.png" to "blocks/hay_block_top.png".
	Moved file from "textures/blocks/hellrock.png" to "blocks/netherrack.png".
	Moved file from "textures/blocks/hellsand.png" to "blocks/soul_sand.png".
	Moved file from "textures/blocks/hopper.png" to "blocks/hopper_outside.png".
	Moved file from "textures/blocks/hopper_inside.png" to "blocks/hopper_inside.png".
	Moved file from "textures/blocks/hopper_top.png" to "blocks/hopper_top.png".
	Moved file from "textures/blocks/ice.png" to "blocks/ice.png".
	Moved file from "textures/blocks/itemframe_back.png" to "blocks/itemframe_background.png".
	Moved file from "textures/blocks/jukebox_top.png" to "blocks/jukebox_top.png".
	Moved file from "textures/blocks/ladder.png" to "blocks/ladder.png".
	Moved file from "textures/blocks/lava.png" to "blocks/lava_still.png".
	Moved file from "textures/blocks/lava_flow.png" to "blocks/lava_flow.png".
	Moved file from "textures/blocks/leaves.png" to "blocks/leaves_birch.png".
	Moved file from "textures/blocks/leaves_jungle.png" to "blocks/leaves_jungle.png".
	Moved file from "textures/blocks/leaves_jungle_opaque.png" to "blocks/leaves_jungle_opaque.png".
	Moved file from "textures/blocks/leaves_opaque.png" to "blocks/leaves_birch_opaque.png".
	Moved file from "textures/blocks/leaves_spruce.png" to "blocks/leaves_spruce.png".
	Moved file from "textures/blocks/leaves_spruce_opaque.png" to "blocks/leaves_spruce_opaque.png".
	Moved file from "textures/blocks/lever.png" to "blocks/lever.png".
	Moved file from "textures/blocks/lightgem.png" to "blocks/glowstone.png".
	Moved file from "textures/blocks/melon_side.png" to "blocks/melon_side.png".
	Moved file from "textures/blocks/melon_top.png" to "blocks/melon_top.png".
	Moved file from "textures/blocks/mobSpawner.png" to "blocks/mob_spawner.png".
	Moved file from "textures/blocks/mushroom_brown.png" to "blocks/mushroom_brown.png".
	Moved file from "textures/blocks/mushroom_inside.png" to "blocks/mushroom_block_inside.png".
	Moved file from "textures/blocks/mushroom_red.png" to "blocks/mushroom_red.png".
	Moved file from "textures/blocks/mushroom_skin_brown.png" to "blocks/mushroom_block_skin_brown.png".
	Moved file from "textures/blocks/mushroom_skin_red.png" to "blocks/mushroom_block_skin_red.png".
	Moved file from "textures/blocks/mushroom_skin_stem.png" to "blocks/mushroom_block_skin_stem.png".
	Moved file from "textures/blocks/musicBlock.png" to "blocks/jukebox_side.png".
	Moved file from "textures/blocks/mycel_side.png" to "blocks/mycelium_side.png".
	Moved file from "textures/blocks/mycel_top.png" to "blocks/mycelium_top.png".
	Moved file from "textures/blocks/netherBrick.png" to "blocks/nether_brick.png".
	Moved file from "textures/blocks/netherStalk_0.png" to "blocks/nether_wart_stage_0.png".
	Moved file from "textures/blocks/netherStalk_1.png" to "blocks/nether_wart_stage_1.png".
	Moved file from "textures/blocks/netherStalk_2.png" to "blocks/nether_wart_stage_2.png".
	Moved file from "textures/blocks/netherquartz.png" to "blocks/quartz_ore.png".
	Moved file from "textures/blocks/obsidian.png" to "blocks/obsidian.png".
	Moved file from "textures/blocks/oreCoal.png" to "blocks/coal_ore.png".
	Moved file from "textures/blocks/oreDiamond.png" to "blocks/diamond_ore.png".
	Moved file from "textures/blocks/oreEmerald.png" to "blocks/emerald_ore.png".
	Moved file from "textures/blocks/oreGold.png" to "blocks/gold_ore.png".
	Moved file from "textures/blocks/oreIron.png" to "blocks/iron_ore.png".
	Moved file from "textures/blocks/oreLapis.png" to "blocks/lapis_ore.png".
	Moved file from "textures/blocks/oreRedstone.png" to "blocks/redstone_ore.png".
	Moved file from "textures/blocks/piston_bottom.png" to "blocks/piston_bottom.png".
	Moved file from "textures/blocks/piston_inner_top.png" to "blocks/piston_inner.png".
	Moved file from "textures/blocks/piston_side.png" to "blocks/piston_side.png".
	Moved file from "textures/blocks/piston_top.png" to "blocks/piston_top_normal.png".
	Moved file from "textures/blocks/piston_top_sticky.png" to "blocks/piston_top_sticky.png".
	Moved file from "textures/blocks/portal.png" to "blocks/portal.png".
	Moved file from "textures/blocks/potatoes_0.png" to "blocks/potatoes_stage_0.png".
	Moved file from "textures/blocks/potatoes_1.png" to "blocks/potatoes_stage_1.png".
	Moved file from "textures/blocks/potatoes_2.png" to "blocks/potatoes_stage_2.png".
	Moved file from "textures/blocks/potatoes_3.png" to "blocks/potatoes_stage_3.png".
	Moved file from "textures/blocks/pumpkin_face.png" to "blocks/pumpkin_face_off.png".
	Moved file from "textures/blocks/pumpkin_jack.png" to "blocks/pumpkin_face_on.png".
	Moved file from "textures/blocks/pumpkin_side.png" to "blocks/pumpkin_side.png".
	Moved file from "textures/blocks/pumpkin_top.png" to "blocks/pumpkin_top.png".
	Moved file from "textures/blocks/quartzblock_bottom.png" to "blocks/quartz_block_bottom.png".
	Moved file from "textures/blocks/quartzblock_chiseled.png" to "blocks/quartz_block_chiseled.png".
	Moved file from "textures/blocks/quartzblock_chiseled_top.png" to "blocks/quartz_block_chiseled_top.png".
	Moved file from "textures/blocks/quartzblock_lines.png" to "blocks/quartz_block_lines.png".
	Moved file from "textures/blocks/quartzblock_lines_top.png" to "blocks/quartz_block_lines_top.png".
	Moved file from "textures/blocks/quartzblock_side.png" to "blocks/quartz_block_side.png".
	Moved file from "textures/blocks/quartzblock_top.png" to "blocks/quartz_block_top.png".
	Moved file from "textures/blocks/rail.png" to "blocks/rail_normal.png".
	Moved file from "textures/blocks/rail_turn.png" to "blocks/rail_normal_turned.png".
	Moved file from "textures/blocks/redstoneDust_cross.png" to "blocks/redstone_dust_cross.png".
	Moved file from "textures/blocks/redstoneDust_cross_overlay.png" to "blocks/redstone_dust_cross_overlay.png".
	Moved file from "textures/blocks/redstoneDust_line.png" to "blocks/redstone_dust_line.png".
	Moved file from "textures/blocks/redstoneDust_line_overlay.png" to "blocks/redstone_dust_line_overlay.png".
	Moved file from "textures/blocks/redstoneLight.png" to "blocks/redstone_lamp_off.png".
	Moved file from "textures/blocks/redstoneLight_lit.png" to "blocks/redstone_lamp_on.png".
	Moved file from "textures/blocks/redtorch.png" to "blocks/redstone_torch_off.png".
	Moved file from "textures/blocks/redtorch_lit.png" to "blocks/redstone_torch_on.png".
	Moved file from "textures/blocks/reeds.png" to "blocks/reeds.png".
	Moved file from "textures/blocks/repeater.png" to "blocks/repeater_off.png".
	Moved file from "textures/blocks/repeater_lit.png" to "blocks/repeater_on.png".
	Moved file from "textures/blocks/rose.png" to "blocks/flower_rose.png".
	Moved file from "textures/blocks/sand.png" to "blocks/sand.png".
	Moved file from "textures/blocks/sandstone_bottom.png" to "blocks/sandstone_bottom.png".
	Moved file from "textures/blocks/sandstone_carved.png" to "blocks/sandstone_carved.png".
	Moved file from "textures/blocks/sandstone_side.png" to "blocks/sandstone_normal.png".
	Moved file from "textures/blocks/sandstone_smooth.png" to "blocks/sandstone_smooth.png".
	Moved file from "textures/blocks/sandstone_top.png" to "blocks/sandstone_top.png".
	Moved file from "textures/blocks/sapling.png" to "blocks/sapling_oak.png".
	Moved file from "textures/blocks/sapling_birch.png" to "blocks/sapling_birch.png".
	Moved file from "textures/blocks/sapling_jungle.png" to "blocks/sapling_jungle.png".
	Moved file from "textures/blocks/sapling_spruce.png" to "blocks/sapling_spruce.png".
	Moved file from "textures/blocks/snow.png" to "blocks/snow.png".
	Moved file from "textures/blocks/snow_side.png" to "blocks/grass_side_snowed.png".
	Moved file from "textures/blocks/sponge.png" to "blocks/sponge.png".
	Moved file from "textures/blocks/stem_bent.png" to "blocks/melon_stem_connected.png".
	Moved file from "textures/blocks/stem_straight.png" to "blocks/melon_stem_disconnected.png".
	Moved file from "textures/blocks/stone.png" to "blocks/stone.png".
	Moved file from "textures/blocks/stoneMoss.png" to "blocks/cobblestone_mossy.png".
	Moved file from "textures/blocks/stonebrick.png" to "blocks/cobblestone.png".
	Moved file from "textures/blocks/stonebricksmooth.png" to "blocks/stonebrick.png".
	Moved file from "textures/blocks/stonebricksmooth_carved.png" to "blocks/stonebrick_carved.png".
	Moved file from "textures/blocks/stonebricksmooth_cracked.png" to "blocks/stonebrick_cracked.png".
	Moved file from "textures/blocks/stonebricksmooth_mossy.png" to "blocks/stonebrick_mossy.png".
	Moved file from "textures/blocks/stoneslab_side.png" to "blocks/stone_slab_side.png".
	Moved file from "textures/blocks/stoneslab_top.png" to "blocks/stone_slab_top.png".
	Moved file from "textures/blocks/tallgrass.png" to "blocks/tallgrass.png".
	Moved file from "textures/blocks/thinglass_top.png" to "blocks/glass_pane_top.png".
	Moved file from "textures/blocks/tnt_bottom.png" to "blocks/tnt_bottom.png".
	Moved file from "textures/blocks/tnt_side.png" to "blocks/tnt_side.png".
	Moved file from "textures/blocks/tnt_top.png" to "blocks/tnt_top.png".
	Moved file from "textures/blocks/torch.png" to "blocks/torch_on.png".
	Moved file from "textures/blocks/trapdoor.png" to "blocks/trapdoor.png".
	Moved file from "textures/blocks/tree_birch.png" to "blocks/log_birch.png".
	Moved file from "textures/blocks/tree_jungle.png" to "blocks/log_jungle.png".
	Moved file from "textures/blocks/tree_side.png" to "blocks/log_oak.png".
	Moved file from "textures/blocks/tree_spruce.png" to "blocks/log_spruce.png".
	Moved file from "textures/blocks/tree_top.png" to "blocks/log_birch_top.png".
	Moved file from "textures/blocks/tripWire.png" to "blocks/trip_wire.png".
	Moved file from "textures/blocks/tripWireSource.png" to "blocks/trip_wire_source.png".
	Moved file from "textures/blocks/vine.png" to "blocks/vine.png".
	Moved file from "textures/blocks/water.png" to "blocks/water_still.png".
	Moved file from "textures/blocks/water_flow.png" to "blocks/water_flow.png".
	Moved file from "textures/blocks/waterlily.png" to "blocks/waterlily.png".
	Moved file from "textures/blocks/web.png" to "blocks/web.png".
	Moved file from "textures/blocks/whiteStone.png" to "blocks/end_stone.png".
	Moved file from "textures/blocks/wood.png" to "blocks/planks_oak.png".
	Moved file from "textures/blocks/wood_birch.png" to "blocks/planks_birch.png".
	Moved file from "textures/blocks/wood_jungle.png" to "blocks/planks_jungle.png".
	Moved file from "textures/blocks/wood_spruce.png" to "blocks/planks_spruce.png".
	Moved file from "textures/blocks/workbench_front.png" to "blocks/crafting_table_front.png".
	Moved file from "textures/blocks/workbench_side.png" to "blocks/crafting_table_side.png".
	Moved file from "textures/blocks/workbench_top.png" to "blocks/crafting_table_top.png".
	Moved file from "textures/items/apple.png" to "items/apple.png".
	Moved file from "textures/items/appleGold.png" to "items/apple_golden.png".
	Moved file from "textures/items/arrow.png" to "items/arrow.png".
	Moved file from "textures/items/bed.png" to "items/bed.png".
	Moved file from "textures/items/beefCooked.png" to "items/beef_cooked.png".
	Moved file from "textures/items/beefRaw.png" to "items/beef_raw.png".
	Moved file from "textures/items/blazePowder.png" to "items/blaze_powder.png".
	Moved file from "textures/items/blazeRod.png" to "items/blaze_rod.png".
	Moved file from "textures/items/boat.png" to "items/boat.png".
	Moved file from "textures/items/bone.png" to "items/bone.png".
	Moved file from "textures/items/book.png" to "items/book_normal.png".
	Moved file from "textures/items/bootsChain.png" to "items/chainmail_boots.png".
	Moved file from "textures/items/bootsCloth.png" to "items/leather_boots.png".
	Moved file from "textures/items/bootsCloth_overlay.png" to "items/leather_boots_overlay.png".
	Moved file from "textures/items/bootsDiamond.png" to "items/diamond_boots.png".
	Moved file from "textures/items/bootsGold.png" to "items/gold_boots.png".
	Moved file from "textures/items/bootsIron.png" to "items/iron_boots.png".
	Moved file from "textures/items/bow.png" to "items/bow_standby.png".
	Moved file from "textures/items/bow_pull_0.png" to "items/bow_pulling_0.png".
	Moved file from "textures/items/bow_pull_1.png" to "items/bow_pulling_1.png".
	Moved file from "textures/items/bow_pull_2.png" to "items/bow_pulling_2.png".
	Moved file from "textures/items/bowl.png" to "items/bowl.png".
	Moved file from "textures/items/bread.png" to "items/bread.png".
	Moved file from "textures/items/brewingStand.png" to "items/brewing_stand.png".
	Moved file from "textures/items/brick.png" to "items/brick.png".
	Moved file from "textures/items/bucket.png" to "items/bucket_empty.png".
	Moved file from "textures/items/bucketLava.png" to "items/bucket_lava.png".
	Moved file from "textures/items/bucketWater.png" to "items/bucket_water.png".
	Moved file from "textures/items/cake.png" to "items/cake.png".
	Moved file from "textures/items/carrotGolden.png" to "items/carrot_golden.png".
	Moved file from "textures/items/carrotOnAStick.png" to "items/carrot_on_a_stick.png".
	Moved file from "textures/items/carrots.png" to "items/carrot.png".
	Moved file from "textures/items/cauldron.png" to "items/cauldron.png".
	Moved file from "textures/items/charcoal.png" to "items/charcoal.png".
	Moved file from "textures/items/chestplateChain.png" to "items/chainmail_chestplate.png".
	Moved file from "textures/items/chestplateCloth.png" to "items/leather_chestplate.png".
	Moved file from "textures/items/chestplateCloth_overlay.png" to "items/leather_chestplate_overlay.png".
	Moved file from "textures/items/chestplateDiamond.png" to "items/diamond_chestplate.png".
	Moved file from "textures/items/chestplateGold.png" to "items/gold_chestplate.png".
	Moved file from "textures/items/chestplateIron.png" to "items/iron_chestplate.png".
	Moved file from "textures/items/chickenCooked.png" to "items/chicken_cooked.png".
	Moved file from "textures/items/chickenRaw.png" to "items/chicken_raw.png".
	Moved file from "textures/items/clay.png" to "items/clay_ball.png".
	Moved file from "textures/items/clock.png" to "items/clock.png".
	Moved file from "textures/items/coal.png" to "items/coal.png".
	Moved file from "textures/items/comparator.png" to "items/comparator.png".
	Moved file from "textures/items/compass.png" to "items/compass.png".
	Moved file from "textures/items/cookie.png" to "items/cookie.png".
	Moved file from "textures/items/diamond.png" to "items/diamond.png".
	Moved file from "textures/items/diode.png" to "items/repeater.png".
	Moved file from "textures/items/doorIron.png" to "items/door_iron.png".
	Moved file from "textures/items/doorWood.png" to "items/door_wood.png".
	Moved file from "textures/items/dyePowder_black.png" to "items/dye_powder_black.png".
	Moved file from "textures/items/dyePowder_blue.png" to "items/dye_powder_blue.png".
	Moved file from "textures/items/dyePowder_brown.png" to "items/dye_powder_brown.png".
	Moved file from "textures/items/dyePowder_cyan.png" to "items/dye_powder_cyan.png".
	Moved file from "textures/items/dyePowder_gray.png" to "items/dye_powder_gray.png".
	Moved file from "textures/items/dyePowder_green.png" to "items/dye_powder_green.png".
	Moved file from "textures/items/dyePowder_lightBlue.png" to "items/dye_powder_light_blue.png".
	Moved file from "textures/items/dyePowder_lime.png" to "items/dye_powder_lime.png".
	Moved file from "textures/items/dyePowder_magenta.png" to "items/dye_powder_magenta.png".
	Moved file from "textures/items/dyePowder_orange.png" to "items/dye_powder_orange.png".
	Moved file from "textures/items/dyePowder_pink.png" to "items/dye_powder_pink.png".
	Moved file from "textures/items/dyePowder_purple.png" to "items/dye_powder_purple.png".
	Moved file from "textures/items/dyePowder_red.png" to "items/dye_powder_red.png".
	Moved file from "textures/items/dyePowder_silver.png" to "items/dye_powder_silver.png".
	Moved file from "textures/items/dyePowder_white.png" to "items/dye_powder_white.png".
	Moved file from "textures/items/dyePowder_yellow.png" to "items/dye_powder_yellow.png".
	Moved file from "textures/items/egg.png" to "items/egg.png".
	Moved file from "textures/items/emerald.png" to "items/emerald.png".
	Moved file from "textures/items/emptyMap.png" to "items/map_empty.png".
	Moved file from "textures/items/enchantedBook.png" to "items/book_enchanted.png".
	Moved file from "textures/items/enderPearl.png" to "items/ender_pearl.png".
	Moved file from "textures/items/expBottle.png" to "items/experience_bottle.png".
	Moved file from "textures/items/eyeOfEnder.png" to "items/ender_eye.png".
	Moved file from "textures/items/feather.png" to "items/feather.png".
	Moved file from "textures/items/fermentedSpiderEye.png" to "items/spider_eye_fermented.png".
	Moved file from "textures/items/fireball.png" to "items/fireball.png".
	Moved file from "textures/items/fireworks.png" to "items/fireworks.png".
	Moved file from "textures/items/fireworksCharge.png" to "items/fireworks_charge.png".
	Moved file from "textures/items/fireworksCharge_overlay.png" to "items/fireworks_charge_overlay.png".
	Moved file from "textures/items/fishCooked.png" to "items/fish_cooked.png".
	Moved file from "textures/items/fishRaw.png" to "items/fish_raw.png".
	Moved file from "textures/items/fishingRod.png" to "items/fishing_rod_uncast.png".
	Moved file from "textures/items/fishingRod_empty.png" to "items/fishing_rod_cast.png".
	Moved file from "textures/items/flint.png" to "items/flint.png".
	Moved file from "textures/items/flintAndSteel.png" to "items/flint_and_steel.png".
	Moved file from "textures/items/flowerPot.png" to "items/flower_pot.png".
	Moved file from "textures/items/frame.png" to "items/item_frame.png".
	Moved file from "textures/items/ghastTear.png" to "items/ghast_tear.png".
	Moved file from "textures/items/glassBottle.png" to "items/potion_bottle_empty.png".
	Moved file from "textures/items/goldNugget.png" to "items/gold_nugget.png".
	Moved file from "textures/items/hatchetDiamond.png" to "items/diamond_axe.png".
	Moved file from "textures/items/hatchetGold.png" to "items/gold_axe.png".
	Moved file from "textures/items/hatchetIron.png" to "items/iron_axe.png".
	Moved file from "textures/items/hatchetStone.png" to "items/stone_axe.png".
	Moved file from "textures/items/hatchetWood.png" to "items/wood_axe.png".
	Moved file from "textures/items/helmetChain.png" to "items/chainmail_helmet.png".
	Moved file from "textures/items/helmetCloth.png" to "items/leather_helmet.png".
	Moved file from "textures/items/helmetCloth_overlay.png" to "items/leather_helmet_overlay.png".
	Moved file from "textures/items/helmetDiamond.png" to "items/diamond_helmet.png".
	Moved file from "textures/items/helmetGold.png" to "items/gold_helmet.png".
	Moved file from "textures/items/helmetIron.png" to "items/iron_helmet.png".
	Moved file from "textures/items/hoeDiamond.png" to "items/diamond_hoe.png".
	Moved file from "textures/items/hoeGold.png" to "items/gold_hoe.png".
	Moved file from "textures/items/hoeIron.png" to "items/iron_hoe.png".
	Moved file from "textures/items/hoeStone.png" to "items/stone_hoe.png".
	Moved file from "textures/items/hoeWood.png" to "items/wood_hoe.png".
	Moved file from "textures/items/hopper.png" to "items/hopper.png".
	Moved file from "textures/items/horsearmordiamond.png" to "items/diamond_horse_armor.png".
	Moved file from "textures/items/horsearmorgold.png" to "items/gold_horse_armor.png".
	Moved file from "textures/items/horsearmormetal.png" to "items/iron_horse_armor.png".
	Moved file from "textures/items/ingotGold.png" to "items/gold_ingot.png".
	Moved file from "textures/items/ingotIron.png" to "items/iron_ingot.png".
	Moved file from "textures/items/leash.png" to "items/lead.png".
	Moved file from "textures/items/leather.png" to "items/leather.png".
	Moved file from "textures/items/leggingsChain.png" to "items/chainmail_leggings.png".
	Moved file from "textures/items/leggingsCloth.png" to "items/leather_leggings.png".
	Moved file from "textures/items/leggingsCloth_overlay.png" to "items/leather_leggings_overlay.png".
	Moved file from "textures/items/leggingsDiamond.png" to "items/diamond_leggings.png".
	Moved file from "textures/items/leggingsGold.png" to "items/gold_leggings.png".
	Moved file from "textures/items/leggingsIron.png" to "items/iron_leggings.png".
	Moved file from "textures/items/magmaCream.png" to "items/magma_cream.png".
	Moved file from "textures/items/map.png" to "items/map_filled.png".
	Moved file from "textures/items/melon.png" to "items/melon.png".
	Moved file from "textures/items/milk.png" to "items/bucket_milk.png".
	Moved file from "textures/items/minecart.png" to "items/minecart_normal.png".
	Moved file from "textures/items/minecartChest.png" to "items/minecart_chest.png".
	Moved file from "textures/items/minecartFurnace.png" to "items/minecart_furnace.png".
	Moved file from "textures/items/minecartHopper.png" to "items/minecart_hopper.png".
	Moved file from "textures/items/minecartTnt.png" to "items/minecart_tnt.png".
	Moved file from "textures/items/monsterPlacer.png" to "items/spawn_egg.png".
	Moved file from "textures/items/monsterPlacer_overlay.png" to "items/spawn_egg_overlay.png".
	Moved file from "textures/items/mushroomStew.png" to "items/mushroom_stew.png".
	Moved file from "textures/items/nameTag.png" to "items/name_tag.png".
	Moved file from "textures/items/netherStalkSeeds.png" to "items/nether_wart.png".
	Moved file from "textures/items/netherStar.png" to "items/nether_star.png".
	Moved file from "textures/items/netherbrick.png" to "items/netherbrick.png".
	Moved file from "textures/items/netherquartz.png" to "items/quartz.png".
	Moved file from "textures/items/painting.png" to "items/painting.png".
	Moved file from "textures/items/paper.png" to "items/paper.png".
	Moved file from "textures/items/pickaxeDiamond.png" to "items/diamond_pickaxe.png".
	Moved file from "textures/items/pickaxeGold.png" to "items/gold_pickaxe.png".
	Moved file from "textures/items/pickaxeIron.png" to "items/iron_pickaxe.png".
	Moved file from "textures/items/pickaxeStone.png" to "items/stone_pickaxe.png".
	Moved file from "textures/items/pickaxeWood.png" to "items/wood_pickaxe.png".
	Moved file from "textures/items/porkchopCooked.png" to "items/porkchop_cooked.png".
	Moved file from "textures/items/porkchopRaw.png" to "items/porkchop_raw.png".
	Moved file from "textures/items/potato.png" to "items/potato.png".
	Moved file from "textures/items/potatoBaked.png" to "items/potato_baked.png".
	Moved file from "textures/items/potatoPoisonous.png" to "items/potato_poisonous.png".
	Moved file from "textures/items/potion.png" to "items/potion_bottle_drinkable.png".
	Moved file from "textures/items/potion_contents.png" to "items/potion_overlay.png".
	Moved file from "textures/items/potion_splash.png" to "items/potion_bottle_splash.png".
	Moved file from "textures/items/pumpkinPie.png" to "items/pumpkin_pie.png".
	Moved file from "textures/items/quiver.png" to "items/quiver.png".
	Moved file from "textures/items/record_11.png" to "items/record_11.png".
	Moved file from "textures/items/record_13.png" to "items/record_13.png".
	Moved file from "textures/items/record_blocks.png" to "items/record_blocks.png".
	Moved file from "textures/items/record_cat.png" to "items/record_cat.png".
	Moved file from "textures/items/record_chirp.png" to "items/record_chirp.png".
	Moved file from "textures/items/record_far.png" to "items/record_far.png".
	Moved file from "textures/items/record_mall.png" to "items/record_mall.png".
	Moved file from "textures/items/record_mellohi.png" to "items/record_mellohi.png".
	Moved file from "textures/items/record_stal.png" to "items/record_stal.png".
	Moved file from "textures/items/record_strad.png" to "items/record_strad.png".
	Moved file from "textures/items/record_wait.png" to "items/record_wait.png".
	Moved file from "textures/items/record_ward.png" to "items/record_ward.png".
	Moved file from "textures/items/redstone.png" to "items/redstone_dust.png".
	Moved file from "textures/items/reeds.png" to "items/reeds.png".
	Moved file from "textures/items/rottenFlesh.png" to "items/rotten_flesh.png".
	Moved file from "textures/items/ruby.png" to "items/ruby.png".
	Moved file from "textures/items/saddle.png" to "items/saddle.png".
	Moved file from "textures/items/seeds.png" to "items/seeds_wheat.png".
	Moved file from "textures/items/seeds_melon.png" to "items/seeds_melon.png".
	Moved file from "textures/items/seeds_pumpkin.png" to "items/seeds_pumpkin.png".
	Moved file from "textures/items/shears.png" to "items/shears.png".
	Moved file from "textures/items/shovelDiamond.png" to "items/diamond_shovel.png".
	Moved file from "textures/items/shovelGold.png" to "items/gold_shovel.png".
	Moved file from "textures/items/shovelIron.png" to "items/iron_shovel.png".
	Moved file from "textures/items/shovelStone.png" to "items/stone_shovel.png".
	Moved file from "textures/items/shovelWood.png" to "items/wood_shovel.png".
	Moved file from "textures/items/sign.png" to "items/sign.png".
	Moved file from "textures/items/skull_char.png" to "items/skull_steve.png".
	Moved file from "textures/items/skull_creeper.png" to "items/skull_creeper.png".
	Moved file from "textures/items/skull_skeleton.png" to "items/skull_skeleton.png".
	Moved file from "textures/items/skull_wither.png" to "items/skull_wither.png".
	Moved file from "textures/items/skull_zombie.png" to "items/skull_zombie.png".
	Moved file from "textures/items/slimeball.png" to "items/slimeball.png".
	Moved file from "textures/items/slot_empty_boots.png" to "items/empty_armor_slot_boots.png".
	Moved file from "textures/items/slot_empty_chestplate.png" to "items/empty_armor_slot_chestplate.png".
	Moved file from "textures/items/slot_empty_helmet.png" to "items/empty_armor_slot_helmet.png".
	Moved file from "textures/items/slot_empty_leggings.png" to "items/empty_armor_slot_leggings.png".
	Moved file from "textures/items/snowball.png" to "items/snowball.png".
	Moved file from "textures/items/speckledMelon.png" to "items/melon_speckled.png".
	Moved file from "textures/items/spiderEye.png" to "items/spider_eye.png".
	Moved file from "textures/items/stick.png" to "items/stick.png".
	Moved file from "textures/items/string.png" to "items/string.png".
	Moved file from "textures/items/sugar.png" to "items/sugar.png".
	Moved file from "textures/items/sulphur.png" to "items/gunpowder.png".
	Moved file from "textures/items/swordDiamond.png" to "items/diamond_sword.png".
	Moved file from "textures/items/swordGold.png" to "items/gold_sword.png".
	Moved file from "textures/items/swordIron.png" to "items/iron_sword.png".
	Moved file from "textures/items/swordStone.png" to "items/stone_sword.png".
	Moved file from "textures/items/swordWood.png" to "items/wood_sword.png".
	Moved file from "textures/items/wheat.png" to "items/wheat.png".
	Moved file from "textures/items/writingBook.png" to "items/book_writable.png".
	Moved file from "textures/items/writtenBook.png" to "items/book_written.png".
	Moved file from "textures/items/yellowDust.png" to "items/glowstone_dust.png".
	Moved file from "title/bg/panorama0.png" to "gui/title/background/panorama_0.png".
	Moved file from "title/bg/panorama1.png" to "gui/title/background/panorama_1.png".
	Moved file from "title/bg/panorama2.png" to "gui/title/background/panorama_2.png".
	Moved file from "title/bg/panorama3.png" to "gui/title/background/panorama_3.png".
	Moved file from "title/bg/panorama4.png" to "gui/title/background/panorama_4.png".
	Moved file from "title/bg/panorama5.png" to "gui/title/background/panorama_5.png".
	Removed file "title/black.png":
		field "sha1_hash": "cba2b1b04983adf58c1bc44839a4fda0a7037b31"
		field "metadata":
			field "BitDepth": 8
			field "ColorType": "RGB with Alpha"
			field "Compression": "Deflate/Inflate"
			field "FileSize": "124 bytes"
			field "FileTypeExtension": "png"
			field "Filter": "Adaptive"
			field "Gamma": 2.2
			field "ImageHeight": 16
			field "ImageSize": "16x16"
			field "ImageWidth": 16
			field "Interlace": "Noninterlaced"
			field "MIMEType": "image/png"
			field "Megapixels": 0.000256
			field "PixelUnits": "meters"
			field "PixelsPerUnitX": 3779
			field "PixelsPerUnitY": 3779
		field "PNG": null
	Moved file from "title/mclogo.png" to "gui/title/minecraft.png".
	Moved file from "title/mojang.png" to "gui/title/mojang.png".
	Added file "blocks/leaves_oak.png":
		field "sha1_hash": "5c0f89304ccb1a25269a8172886c75ba3536f7f1"
		field "metadata":
			field "BitDepth": 8
			field "ColorType": "RGB with Alpha"
			field "Compression": "Deflate/Inflate"
			field "FileSize": "499 bytes"
			field "FileTypeExtension": "png"
			field "Filter": "Adaptive"
			field "ImageHeight": 16
			field "ImageSize": "16x16"
			field "ImageWidth": 16
			field "Interlace": "Noninterlaced"
			field "MIMEType": "image/png"
			field "Megapixels": 0.000256
		field "PNG": null
	Added file "blocks/leaves_oak_opaque.png":
		field "sha1_hash": "01e15695c7bc94fc9fcd4fe6e096ac70ab66403f"
		field "metadata":
			field "BitDepth": 8
			field "ColorType": "RGB with Alpha"
			field "Compression": "Deflate/Inflate"
			field "FileSize": "506 bytes"
			field "FileTypeExtension": "png"
			field "Filter": "Adaptive"
			field "ImageHeight": 16
			field "ImageSize": "16x16"
			field "ImageWidth": 16
			field "Interlace": "Noninterlaced"
			field "MIMEType": "image/png"
			field "Megapixels": 0.000256
		field "PNG": null
	Added file "blocks/log_jungle_top.png":
		field "sha1_hash": "1b23e0deb7288b5799a30d4ddf11deadf17bb9ef"
		field "metadata":
			field "BitDepth": 8
			field "ColorType": "RGB with Alpha"
			field "Compression": "Deflate/Inflate"
			field "FileSize": "478 bytes"
			field "FileTypeExtension": "png"
			field "Filter": "Adaptive"
			field "ImageHeight": 16
			field "ImageSize": "16x16"
			field "ImageWidth": 16
			field "Interlace": "Noninterlaced"
			field "MIMEType": "image/png"
			field "Megapixels": 0.000256
		field "PNG": null
	Added file "blocks/log_oak_top.png":
		field "sha1_hash": "1b23e0deb7288b5799a30d4ddf11deadf17bb9ef"
		field "metadata":
			field "BitDepth": 8
			field "ColorType": "RGB with Alpha"
			field "Compression": "Deflate/Inflate"
			field "FileSize": "478 bytes"
			field "FileTypeExtension": "png"
			field "Filter": "Adaptive"
			field "ImageHeight": 16
			field "ImageSize": "16x16"
			field "ImageWidth": 16
			field "Interlace": "Noninterlaced"
			field "MIMEType": "image/png"
			field "Megapixels": 0.000256
		field "PNG": null
	Added file "blocks/log_spruce_top.png":
		field "sha1_hash": "1b23e0deb7288b5799a30d4ddf11deadf17bb9ef"
		field "metadata":
			field "BitDepth": 8
			field "ColorType": "RGB with Alpha"
			field "Compression": "Deflate/Inflate"
			field "FileSize": "478 bytes"
			field "FileTypeExtension": "png"
			field "Filter": "Adaptive"
			field "ImageHeight": 16
			field "ImageSize": "16x16"
			field "ImageWidth": 16
			field "Interlace": "Noninterlaced"
			field "MIMEType": "image/png"
			field "Megapixels": 0.000256
		field "PNG": null
	Added file "blocks/noteblock.png":
		field "sha1_hash": "a2b95f2d0ee659a4ac5af232c5d499b618f479eb"
		field "metadata":
			field "BitDepth": 8
			field "ColorType": "RGB with Alpha"
			field "Compression": "Deflate/Inflate"
			field "FileSize": "395 bytes"
			field "FileTypeExtension": "png"
			field "Filter": "Adaptive"
			field "ImageHeight": 16
			field "ImageSize": "16x16"
			field "ImageWidth": 16
			field "Interlace": "Noninterlaced"
			field "MIMEType": "image/png"
			field "Megapixels": 0.000256
		field "PNG": null
	Added file "blocks/pumpkin_stem_connected.png":
		field "sha1_hash": "a1b55f00ae65281229d8916b950f980684fe7d5e"
		field "metadata":
			field "BitDepth": 8
			field "ColorType": "RGB with Alpha"
			field "Compression": "Deflate/Inflate"
			field "FileSize": "165 bytes"
			field "FileTypeExtension": "png"
			field "Filter": "Adaptive"
			field "ImageHeight": 16
			field "ImageSize": "16x16"
			field "ImageWidth": 16
			field "Interlace": "Noninterlaced"
			field "MIMEType": "image/png"
			field "Megapixels": 0.000256
		field "PNG": null
	Added file "blocks/pumpkin_stem_disconnected.png":
		field "sha1_hash": "bb284c35d85f9d3819ecfabdd63cf2ff53579905"
		field "metadata":
			field "BitDepth": 8
			field "ColorType": "RGB with Alpha"
			field "Compression": "Deflate/Inflate"
			field "FileSize": "189 bytes"
			field "FileTypeExtension": "png"
			field "Filter": "Adaptive"
			field "ImageHeight": 16
			field "ImageSize": "16x16"
			field "ImageWidth": 16
			field "Interlace": "Noninterlaced"
			field "MIMEType": "image/png"
			field "Megapixels": 0.000256
		field "PNG": null